####
#
# OBJ File Generated by Meshlab
#
####
# Object Pole.obj
#
# Vertices: 1678
# Faces: 570
#
####
mtllib ./Pole.obj.mtl

vn 0.000000 0.000000 -1.000000
vt 0.916667 0.250000
v -0.000000 0.000000 0.000000
vn 0.000000 0.000000 1.000000
vt 0.916667 0.166667
v -0.000000 -0.000000 4.400000
vn 1.000000 -0.000000 -0.000000
vt 0.083333 0.500000
v 0.125000 0.000000 0.000000
vn 0.000000 0.000000 -1.000000
vt 0.875000 0.208333
v 0.108253 -0.062500 0.000000
vn 0.000000 0.000000 -1.000000
vt 0.833333 0.250000
v 0.062500 -0.108253 0.000000
vn 0.000000 0.000000 -1.000000
vt 0.875000 0.208333
v 0.000000 -0.125000 0.000000
vn 0.000000 0.000000 -1.000000
vt 0.916667 0.208333
v -0.062500 -0.108253 0.000000
vn 0.000000 0.000000 -1.000000
vt 0.875000 0.166667
v -0.108253 -0.062500 0.000000
vn 0.000000 0.000000 -1.000000
vt 0.875000 0.166667
v -0.125000 0.000000 0.000000
vn 0.000000 0.000000 -1.000000
vt 0.916667 0.208333
v -0.108253 0.062500 0.000000
vn 0.000000 0.000000 -1.000000
vt 0.916667 0.166667
v -0.062500 0.108253 0.000000
vn 0.000000 0.000000 -1.000000
vt 0.958333 0.208333
v -0.000000 0.125000 0.000000
vn 0.000000 0.000000 -1.000000
vt 0.916667 0.250000
v 0.062500 0.108253 0.000000
vn 0.000000 0.000000 -1.000000
vt 1.000000 0.208333
v 0.108253 0.062500 0.000000
vn 0.000000 0.000000 1.000000
vt 0.958333 0.208333
v 0.125000 -0.000000 4.400000
vn 0.866025 -0.500000 -0.000000
vt 0.916667 1.000000
v 0.108253 -0.062500 4.400000
vn 0.500000 -0.866025 -0.000000
vt 0.333333 1.000000
v 0.062500 -0.108253 4.400000
vn 0.000000 -1.000000 0.000000
vt 0.291667 0.458333
v 0.000000 -0.125000 4.400000
vn -0.500000 -0.866025 -0.000000
vt 0.250000 0.916667
v -0.062500 -0.108253 4.400000
vn -0.866025 -0.500000 -0.000000
vt 0.166667 0.833333
v -0.108253 -0.062500 4.400000
vn -1.000000 -0.000000 0.000000
vt 0.250000 0.916667
v -0.125000 -0.000000 4.400000
vn -0.866025 0.500000 0.000000
vt 0.166667 0.916667
v -0.108253 0.062500 4.400000
vn -0.500000 0.866025 0.000000
vt 0.333333 0.833333
v -0.062500 0.108253 4.400000
vn -0.000000 1.000000 0.000000
vt 0.250000 0.750000
v -0.000000 0.125000 4.400000
vn 0.500000 0.866025 0.000000
vt 0.500000 0.916667
v 0.062500 0.108253 4.400000
vn 0.866025 0.500000 0.000000
vt 0.791667 0.458333
v 0.108253 0.062500 4.400000
vn 0.999999 0.001112 0.000597
vt 0.083333 0.583333
v 0.125000 0.000000 1.650000
vn 0.866026 -0.499998 -0.000116
vt 0.583333 0.666667
v 0.108253 -0.062500 2.200000
vn 0.500000 -0.866026 -0.000057
vt 0.250000 0.000000
v 0.062500 -0.108253 2.200000
vn 0.000000 -1.000000 -0.000000
vt 0.791667 0.625000
v 0.000000 -0.125000 0.751338
vn -0.866026 -0.500000 -0.000051
vt 0.291667 0.041667
v -0.108253 -0.062500 2.200000
vn -0.866263 0.499588 -0.000767
vt 0.666667 0.666667
v -0.108253 0.062500 2.200000
vn -0.500000 0.866026 -0.000054
vt 0.333333 0.041667
v -0.062500 0.108253 2.200000
vn 0.499997 0.866027 -0.000125
vt 0.583333 0.583333
v 0.062500 0.108253 2.200000
vn 0.866030 0.499992 0.000093
vt 0.333333 0.583333
v 0.108253 0.062500 2.200000
vn 0.937890 -0.346934 -0.000266
vt 0.041667 0.541667
v 0.113049 -0.044602 1.639556
vn 0.579118 -0.815242 -0.001852
vt 0.458333 0.125000
v 0.069768 -0.100985 1.681902
vn -0.814824 -0.579708 -0.000616
vt 0.708333 0.541667
v -0.100790 -0.069963 1.636963
vn -0.928266 0.371916 -0.000590
vt 0.541667 0.625000
v -0.111431 0.050641 1.641512
vn -0.581765 0.813353 -0.002309
vt 0.500000 0.166667
v -0.069768 0.100985 1.681902
vn 0.371913 0.928268 -0.000562
vt 0.750000 0.500000
v 0.050641 0.111431 1.641512
vn 0.805994 0.591919 0.002334
vt 0.541667 0.125000
v 0.100985 0.069768 1.681902
vn 1.000000 0.000000 -0.000000
vt 0.083333 0.583333
v 0.125000 -0.000000 2.475000
vn 0.813550 -0.581495 0.000714
vt 0.083333 0.083333
v 0.100730 -0.070023 1.630709
vn 0.000000 -1.000000 -0.000000
vt 0.458333 0.541667
v 0.000000 -0.125000 2.028125
vn -0.000000 -1.000000 -0.000000
vt 0.416667 1.000000
v 0.000000 -0.125000 3.420313
vn -0.500000 -0.866025 -0.000000
vt 0.291667 0.625000
v -0.062500 -0.108253 1.375000
vn -0.797870 0.602830 0.000817
vt 0.166667 0.166667
v -0.100730 0.070023 1.630709
vn 0.707107 0.707107 0.000000
vt 0.208333 0.125000
v 0.085468 0.085285 1.792246
vn 0.602830 0.797869 0.000817
vt 0.208333 0.125000
v 0.070023 0.100730 1.630709
vn 0.924730 0.380621 0.001531
vt 0.833333 0.500000
v 0.110929 0.052515 2.796716
vn 1.000000 0.000000 -0.000000
vt 0.125000 0.166667
v 0.125000 0.000000 0.825000
vn 0.866025 -0.500000 -0.000000
vt 0.000000 1.000000
v 0.108253 -0.062500 3.300000
vn 0.866027 -0.499997 -0.000101
vt 0.291667 0.000000
v 0.108253 -0.062500 1.100000
vn 0.950764 -0.309890 -0.004059
vt 0.166667 0.166667
v 0.114914 -0.037642 0.799111
vn 0.500000 -0.866025 -0.000000
vt 0.083333 1.000000
v 0.062500 -0.108253 3.300000
vn 0.500000 -0.866026 -0.000019
vt 0.291667 0.000000
v 0.062500 -0.108253 1.100000
vn 0.584857 -0.811133 -0.002342
vt 0.125000 0.125000
v 0.070713 -0.100040 0.601455
vn -0.866025 -0.500000 -0.000000
vt 0.500000 1.000000
v -0.108253 -0.062500 3.300000
vn -0.866026 -0.500000 0.000059
vt 0.416667 0.000000
v -0.108253 -0.062500 1.100000
vn -0.866025 0.500000 0.000000
vt 0.583333 0.916667
v -0.108253 0.062500 3.300000
vn -0.866025 0.500000 0.000033
vt 0.458333 0.625000
v -0.108253 0.062500 1.100000
vn -0.923367 0.383917 -0.000906
vt 0.333333 0.583333
v -0.111171 0.051611 0.577907
vn -0.500000 0.866025 0.000000
vt 0.500000 0.916667
v -0.062500 0.108253 3.300000
vn -0.499998 0.866027 -0.000053
vt 0.166667 0.083333
v -0.062500 0.108253 1.100000
vn -0.566344 0.824167 0.001816
vt 0.166667 0.083333
v -0.070713 0.100040 0.601455
vn 0.500063 0.865989 -0.000106
vt 0.416667 0.666667
v 0.062500 0.108253 3.300000
vn 0.500001 0.866025 0.000033
vt 0.541667 0.625000
v 0.062500 0.108253 1.100000
vn 0.383224 0.923656 0.000069
vt 0.333333 0.666667
v 0.051611 0.111171 0.577907
vn 0.865984 0.500071 -0.000342
vt 0.250000 0.083333
v 0.108253 0.062500 3.300000
vn 0.866026 0.499998 -0.000037
vt 0.375000 0.041667
v 0.108253 0.062500 1.100000
vn 0.807052 0.590475 0.002504
vt 0.125000 0.125000
v 0.100040 0.070713 0.601455
vn 0.948803 0.315844 -0.003787
vt 0.375000 0.625000
v 0.112842 0.045373 1.930025
vn 1.000000 0.000000 -0.000000
vt 0.958333 0.541667
v 0.125000 -0.000000 3.850000
vn 0.811804 -0.583923 0.002839
vt 0.291667 0.166667
v 0.100001 -0.070752 0.580606
vn 0.707107 -0.707107 -0.000000
vt 0.458333 0.125000
v 0.084578 -0.086176 0.387614
vn 0.340948 -0.940081 0.001599
vt 0.416667 0.666667
v 0.043802 -0.113263 1.649091
vn 0.345382 -0.938460 0.001880
vt 0.750000 0.666667
v 0.043254 -0.113410 0.558727
vn -0.500000 -0.866025 -0.000000
vt 0.458333 0.541667
v -0.062500 -0.108253 3.704712
vn -0.938683 -0.344780 0.000796
vt 0.416667 0.666667
v -0.113184 -0.044097 1.626642
vn -1.000000 -0.000000 0.000000
vt 0.500000 0.583333
v -0.125000 0.000000 0.962500
vn -0.791177 0.611586 -0.001251
vt 0.395833 0.062500
v -0.100001 0.070752 0.580606
vn -0.707107 0.707107 0.000000
vt 0.416667 0.041667
v -0.084981 0.085772 0.511430
vn -0.340036 0.940411 0.001944
vt 0.500000 0.583333
v -0.044097 0.113184 1.626642
vn -0.323741 0.946142 -0.002668
vt 0.500000 0.666667
v -0.034462 0.115766 0.650664
vn -0.000000 1.000000 0.000000
vt 0.583333 0.666667
v -0.000000 0.125000 0.962500
vn 0.611995 0.790862 -0.000352
vt 0.333333 0.125000
v 0.070752 0.100001 0.580606
vn 0.707107 0.707107 0.000000
vt 0.333333 0.166667
v 0.084881 0.085872 0.480875
vn 0.944669 0.328003 -0.003800
vt 0.000000 0.583333
v 0.113582 0.042611 0.755000
vn 1.000000 0.000000 -0.000000
vt 0.333333 0.583333
v 0.125000 0.000000 2.062500
vn 0.840227 -0.542220 -0.004066
vt 0.458333 0.083333
v 0.104492 -0.066261 1.915354
vn -0.840138 0.542369 -0.001855
vt 0.354167 0.062500
v -0.104492 0.066262 1.915354
vn 0.543954 0.839111 -0.002676
vt 0.250000 0.125000
v 0.066262 0.104492 1.915354
vn 0.950756 -0.309907 -0.004556
vt 0.125000 0.125000
v 0.111584 -0.050071 0.949556
vn 0.584620 -0.811299 -0.003734
vt 0.083333 0.166667
v 0.066606 -0.104147 0.850727
vn 0.000000 -1.000000 -0.000000
vt 0.416667 0.583333
v 0.000000 -0.125000 1.375000
vn -0.816803 -0.576907 0.003334
vt 0.250000 0.583333
v -0.104522 -0.066232 1.368482
vn -0.922854 0.385140 -0.002875
vt 0.333333 0.666667
v -0.109712 0.057055 0.838954
vn -0.557914 0.829886 -0.004480
vt 0.125000 0.125000
v -0.066606 0.104147 0.850727
vn 0.385140 0.922854 -0.002875
vt 0.416667 0.666667
v 0.057055 0.109712 0.838954
vn 0.827566 0.561351 -0.004386
vt 0.166667 0.166667
v 0.104147 0.066606 0.850727
vn 1.000000 0.000000 -0.000000
vt 0.416667 1.000000
v 0.125000 -0.000000 4.125000
vn 0.814253 -0.580500 0.003313
vt 0.125000 0.125000
v 0.104492 -0.066261 1.365354
vn 0.707107 -0.707107 -0.000000
vt 0.375000 0.083333
v 0.085347 -0.085406 1.239071
vn 0.500000 -0.866025 -0.000000
vt 0.750000 0.666667
v 0.062500 -0.108253 3.850000
vn 0.707107 -0.707107 -0.000000
vt 0.125000 0.166667
v 0.087426 -0.083327 0.848120
vn 0.341284 -0.939956 0.003045
vt 0.458333 0.625000
v 0.053151 -0.110758 1.374546
vn 0.348046 -0.937472 -0.003287
vt 0.291667 0.000000
v 0.053151 -0.110758 1.924546
vn -0.866025 -0.500000 -0.000000
vt 0.500000 0.500000
v -0.108253 -0.062500 3.850000
vn -0.938287 -0.345843 0.003300
vt 0.500000 0.666667
v -0.110719 -0.053299 1.363321
vn -0.771198 0.636590 0.002570
vt 0.208333 0.125000
v -0.101103 0.069650 1.360206
vn -0.707107 0.707107 0.000000
vt 0.416667 0.125000
v -0.084500 0.086253 1.237785
vn -0.500000 0.866025 0.000000
vt 0.500000 0.500000
v -0.062500 0.108253 3.850000
vn -0.707107 0.707107 0.000000
vt 0.166667 0.125000
v -0.087426 0.083327 0.848120
vn -0.324538 0.945868 0.002966
vt 0.416667 0.583333
v -0.049609 0.111707 1.375380
vn -0.324109 0.946010 -0.004407
vt 0.500000 0.583333
v -0.048481 0.112010 0.875332
vn 0.636590 0.771198 0.002570
vt 0.166667 0.083333
v 0.069650 0.101103 1.360206
vn 0.707107 0.707107 0.000000
vt 0.458333 0.166667
v 0.086253 0.084500 1.237785
vn 0.866025 0.500000 0.000000
vt 0.000000 0.583333
v 0.108253 0.062500 3.532031
vn 0.707107 0.707107 0.000000
vt 0.166667 0.125000
v 0.083327 0.087426 0.848120
vn 0.931747 0.363097 0.002729
vt 0.708333 0.541667
v 0.111151 0.051686 1.561304
vn 1.000000 0.000000 0.000000
vt 0.583333 0.583333
v 0.125000 0.000000 1.237500
vn 0.951486 -0.307665 -0.004054
vt 0.708333 0.541667
v 0.113038 -0.044643 1.954323
vn 0.936754 -0.349973 0.003283
vt 0.541667 0.625000
v 0.110651 -0.053551 1.369778
vn 0.578824 -0.815446 -0.003320
vt 0.270833 0.020833
v 0.066134 -0.104619 1.940951
vn 0.707107 -0.707107 -0.000000
vt 0.125000 0.083333
v 0.085282 -0.085471 1.517232
vn -0.815477 -0.578781 -0.003137
vt 0.312500 0.020833
v -0.104522 -0.066232 1.918482
vn -0.954554 0.298034 0.001722
vt 0.333333 0.041667
v -0.114660 0.038589 1.861989
vn -0.581643 0.813437 -0.003252
vt 0.354167 0.020833
v -0.066134 0.104619 1.940951
vn -0.707107 0.707107 0.000000
vt 0.166667 0.125000
v -0.084436 0.086318 1.515946
vn 0.301249 0.953545 0.001219
vt 0.750000 0.125000
v 0.041041 0.113765 1.867643
vn 0.834709 0.550677 -0.003985
vt 0.583333 0.666667
v 0.104619 0.066134 1.940951
vn 0.707107 0.707107 0.000000
vt 0.166667 0.125000
v 0.086317 0.084436 1.515946
vn -0.500000 -0.866025 -0.000000
vt 0.666667 1.000000
v -0.062500 -0.108253 0.687500
vn 0.866025 -0.500000 -0.000000
vt 0.583333 0.583333
v 0.108253 -0.062500 3.850000
vn 0.866025 -0.500000 -0.000000
vt 0.083333 0.916667
v 0.108253 -0.062500 2.750000
vn 0.838147 -0.545425 -0.004651
vt 0.291667 0.041667
v 0.104127 -0.066626 0.840303
vn 0.500000 -0.866025 -0.000000
vt 0.416667 1.000000
v 0.062500 -0.108253 2.750000
vn 0.572935 -0.819595 0.003081
vt 0.208333 0.166667
v 0.066134 -0.104619 1.390951
vn 0.354717 -0.934967 -0.003705
vt 0.333333 0.000000
v 0.052877 -0.110832 0.829364
vn -0.866025 -0.500000 -0.000000
vt 0.083333 0.916667
v -0.108253 -0.062500 2.750000
vn -0.937491 -0.347996 -0.003107
vt 0.291667 0.000000
v -0.110719 -0.053299 1.913321
vn -0.866025 -0.500000 -0.000000
vt 0.750000 1.000000
v -0.108253 -0.062500 0.550000
vn -0.866025 0.500000 0.000000
vt 0.541667 0.458333
v -0.108253 0.062500 3.850000
vn -0.866025 0.500000 0.000000
vt 0.166667 0.916667
v -0.108253 0.062500 2.750000
vn -0.910974 0.412462 0.001346
vt 0.708333 0.625000
v -0.109842 0.056571 1.370756
vn -0.791725 0.610870 -0.002873
vt 0.354167 0.062500
v -0.104127 0.066626 0.840303
vn -0.500000 0.866025 0.000000
vt 0.166667 1.000000
v -0.062500 0.108253 2.750000
vn -0.559290 0.828968 0.002540
vt 0.208333 0.166667
v -0.066134 0.104619 1.390951
vn -0.351289 0.936262 -0.003223
vt 0.333333 0.000000
v -0.053299 0.110719 1.913321
vn 0.500000 0.866025 -0.000000
vt 0.083333 0.333333
v 0.062500 0.108253 2.750000
vn 0.412462 0.910974 0.001347
vt 0.708333 0.625000
v 0.056571 0.109842 1.370756
vn 0.610870 0.791726 -0.002873
vt 0.354167 0.020833
v 0.066626 0.104127 0.840303
vn 0.794645 0.607070 0.002226
vt 0.520833 0.062500
v 0.103281 0.067472 2.619008
vn 0.887495 0.460815 0.001594
vt 0.208333 0.125000
v 0.109591 0.057507 3.048358
vn 0.819794 0.572658 0.000639
vt 0.250000 0.125000
v 0.104619 0.066134 1.390951
vn 0.944658 0.328030 -0.004318
vt 0.395833 0.062500
v 0.110918 0.052556 0.927500
vn 1.000000 -0.000000 -0.000000
vt 0.916667 0.500000
v 0.125000 -0.000000 3.480469
vn 0.935280 -0.353893 0.003213
vt 0.708333 0.625000
v 0.111584 -0.050071 0.399556
vn 1.000000 0.000000 0.000000
vt 0.750000 0.666667
v 0.125000 0.000000 0.412500
vn 0.811816 -0.583905 0.003239
vt 0.416667 0.083333
v 0.104127 -0.066626 0.290303
vn 0.345652 -0.938357 0.003245
vt 0.375000 0.041667
v 0.052877 -0.110832 0.279364
vn -0.500000 -0.866025 -0.000000
vt 0.333333 1.000000
v -0.062500 -0.108253 3.987500
vn -1.000000 -0.000000 0.000000
vt 0.458333 0.625000
v -0.125000 0.000000 1.443750
vn -1.000000 -0.000000 0.000000
vt 0.416667 0.833333
v -0.125000 -0.000000 2.717773
vn -1.000000 -0.000000 -0.000000
vt 0.833333 0.666667
v -0.125000 0.000000 0.481250
vn -0.890766 0.454453 -0.002863
vt 0.875000 0.625000
v -0.109712 0.057055 0.288954
vn -0.733133 0.680081 0.002549
vt 0.875000 0.625000
v -0.089252 0.081502 0.240520
vn -0.000000 1.000000 0.000000
vt 0.458333 0.625000
v -0.000000 0.125000 1.443750
vn 0.000000 1.000000 0.000000
vt 0.166667 0.750000
v -0.000000 0.125000 2.621094
vn 0.000000 1.000000 0.000000
vt 0.958333 0.625000
v -0.000000 0.125000 0.481250
vn 0.384532 0.923108 0.002585
vt 0.958333 0.625000
v 0.057055 0.109712 0.288954
vn 0.610349 0.792129 0.002584
vt 0.375000 0.000000
v 0.066626 0.104127 0.290303
vn 0.932389 0.361447 0.002699
vt 0.562500 0.062500
v 0.110918 0.052556 0.377500
vn 1.000000 0.000560 -0.000653
vt 0.416667 0.583333
v 0.125000 0.000000 1.856250
vn 0.576741 -0.816920 0.003280
vt 0.354167 0.062500
v 0.065580 -0.105173 0.225545
vn -0.531032 0.847351 -0.000370
vt 0.291667 0.125000
v -0.065580 0.105173 0.225545
vn 0.844257 0.535935 -0.002038
vt 0.375000 0.125000
v 0.105173 0.065580 0.225545
vn 0.947359 0.320157 0.003227
vt 0.395833 0.020833
v 0.110780 0.053070 1.283456
vn 0.000000 -1.000000 -0.000000
vt 0.125000 0.083333
v 0.000000 -0.125000 1.650000
vn -0.000000 -1.000000 -0.000000
vt 0.416667 0.916667
v 0.000000 -0.125000 2.765912
vn -0.000000 -1.000000 -0.000000
vt 0.666667 1.000000
v 0.000000 -0.125000 2.488562
vn -0.866025 -0.500000 -0.000000
vt 0.875000 0.625000
v -0.108253 -0.062500 0.275000
vn -0.866025 0.500000 0.000000
vt 0.166667 0.833333
v -0.108253 0.062500 4.125000
vn 0.500000 0.866025 0.000000
vt 0.666667 0.333333
v 0.062500 0.108253 3.884375
vn 0.935280 -0.353893 0.003213
vt 0.708333 0.625000
v 0.109918 -0.056285 0.199778
vn 0.866025 -0.500000 -0.000000
vt 0.833333 1.000000
v 0.108253 -0.062500 3.025000
vn -0.866025 0.500000 0.000000
vt 0.750000 0.916667
v -0.108253 0.062500 3.025000
vn -0.284223 0.958753 0.003085
vt 0.333333 0.125000
v -0.034742 0.115691 0.174556
vn -0.333368 0.942791 0.003307
vt 1.000000 0.666667
v -0.044976 0.112949 0.406665
vn 0.500654 0.865648 0.000176
vt 0.416667 0.583333
v 0.062500 0.108253 3.025000
vn 0.958871 0.283825 0.003130
vt 0.333333 0.125000
v 0.115285 0.036259 0.161883
vn 0.850328 0.526253 -0.000596
vt 0.416667 0.166667
v 0.105913 0.064840 2.397180
vn 0.959096 0.283078 0.001275
vt 0.333333 0.666667
v 0.115135 0.036817 2.382756
vn 0.932389 0.361444 0.002940
vt 0.083333 0.583333
v 0.112250 0.047583 0.566250
vn 1.000000 -0.000000 0.000000
vt 0.750000 0.583333
v 0.125000 0.000000 0.206250
vn 1.000000 0.000000 0.000000
vt 0.291667 0.625000
v 0.125000 -0.000000 2.268750
vn 0.707107 -0.707107 0.000000
vt 0.500000 0.125000
v 0.085285 -0.085468 1.792184
vn -0.000000 -1.000000 -0.000000
vt 0.791667 0.625000
v 0.000000 -0.125000 3.691016
vn -0.707107 0.707107 0.000000
vt 0.500000 0.125000
v -0.085285 0.085468 1.792184
vn 0.924691 0.380712 0.002039
vt 0.125000 0.541667
v 0.109925 0.056259 2.572948
vn 0.500000 -0.866025 -0.000000
vt 0.250000 0.916667
v 0.062500 -0.108253 4.125000
vn 0.500000 -0.866025 -0.000000
vt 0.833333 0.666667
v 0.062500 -0.108253 3.575000
vn 0.576741 -0.816921 0.003280
vt 0.291667 0.125000
v 0.068660 -0.102093 0.451091
vn -0.866025 -0.500000 -0.000000
vt 0.333333 0.916667
v -0.108253 -0.062500 4.125000
vn -0.866025 -0.500000 -0.000000
vt 0.500000 0.583333
v -0.108253 -0.062500 3.575000
vn -0.500000 0.866025 0.000000
vt 0.333333 0.916667
v -0.062500 0.108253 4.125000
vn -0.500000 0.866025 0.000000
vt 0.250000 0.916667
v -0.062500 0.108253 3.575000
vn -0.566018 0.824386 0.003528
vt 0.375000 0.000000
v -0.068660 0.102094 0.451091
vn 0.866025 0.500000 0.000000
vt 0.333333 1.000000
v 0.108253 0.062500 4.148633
vn 0.807069 0.590450 0.002958
vt 0.458333 0.041667
v 0.102094 0.068660 0.451091
vn 1.000000 0.000000 -0.000000
vt 0.375000 0.166667
v 0.125000 0.000000 1.031250
vn 1.000000 -0.000000 0.000000
vt 0.916667 0.583333
v 0.125000 -0.000000 3.196875
vn 1.000000 -0.000000 0.000000
vt 0.083333 1.000000
v 0.125000 -0.000000 2.681250
vn -0.000000 -1.000000 -0.000000
vt 0.333333 0.500000
v 0.000000 -0.125000 1.100000
vn -0.500000 -0.866025 -0.000000
vt 0.083333 0.333333
v -0.062500 -0.108253 2.406250
vn 0.866025 -0.500000 -0.000000
vt 0.000000 0.916667
v 0.108253 -0.062500 3.575000
vn 0.866025 -0.500000 -0.000000
vt 0.625000 0.625000
v 0.108253 -0.062500 2.475000
vn 0.500000 -0.866025 -0.000000
vt 0.250000 1.000000
v 0.062500 -0.108253 3.025000
vn 0.500000 -0.866025 -0.000000
vt 0.666667 0.666667
v 0.062500 -0.108253 2.475000
vn -0.866025 -0.500000 -0.000000
vt 0.166667 1.000000
v -0.108253 -0.062500 3.025000
vn -0.866025 -0.500000 -0.000000
vt 0.416667 0.500000
v -0.108253 -0.062500 2.475000
vn -0.866025 -0.500000 -0.000000
vt 0.250000 0.583333
v -0.108253 -0.062500 0.825000
vn -0.866025 0.500000 0.000000
vt 0.583333 1.000000
v -0.108253 0.062500 3.575000
vn -0.866025 0.500000 0.000000
vt 0.625000 0.625000
v -0.108253 0.062500 2.475000
vn -0.500000 0.866025 0.000000
vt 0.250000 1.000000
v -0.062500 0.108253 3.025000
vn -0.500000 0.866025 0.000000
vt 0.666667 0.583333
v -0.062500 0.108253 2.475000
vn 0.500000 0.866025 0.000000
vt 0.416667 0.833333
v 0.062500 0.108253 3.575000
vn 0.500000 0.866025 0.000000
vt 0.000000 0.333333
v 0.062500 0.108253 2.475000
vn 0.935280 -0.353893 0.003213
vt 0.125000 0.458333
v 0.113249 -0.043857 0.599333
vn 1.000000 0.000000 0.000000
vt 0.250000 0.083333
v 0.125000 0.000000 0.618750
vn 1.000000 0.000000 -0.000000
vt 0.583333 0.666667
v 0.125000 0.000000 1.443750
vn -1.000000 -0.000000 -0.000000
vt 0.583333 0.583333
v -0.125000 0.000000 1.714453
vn -1.000000 0.000000 0.000000
vt 0.500000 0.666667
v -0.125000 0.000000 1.203125
vn -1.000000 -0.000000 -0.000000
vt 0.500000 0.916667
v -0.125000 -0.000000 3.471875
vn -1.000000 -0.000000 -0.000000
vt 0.375000 0.625000
v -0.125000 0.000000 0.721875
vn -1.000000 -0.000000 -0.000000
vt 0.833333 0.583333
v -0.125000 0.000000 0.240625
vn -0.000000 1.000000 0.000000
vt 0.500000 0.666667
v -0.000000 0.125000 1.203125
vn -0.000000 1.000000 0.000000
vt 0.333333 0.833333
v -0.000000 0.125000 3.448309
vn 0.000000 1.000000 0.000000
vt 0.833333 0.750000
v -0.000000 0.125000 2.853125
vn 0.000000 1.000000 0.000000
vt 0.625000 0.458333
v -0.000000 0.125000 2.374871
vn 0.000000 1.000000 0.000000
vt 0.375000 0.625000
v -0.000000 0.125000 0.721875
vn -0.000000 1.000000 0.000000
vt 1.000000 0.583333
v -0.000000 0.125000 0.240625
vn 0.000000 -1.000000 -0.000000
vt 0.125000 0.125000
v 0.000000 -0.125000 1.839063
vn -0.000000 -1.000000 -0.000000
vt 0.250000 0.166667
v 0.000000 -0.125000 3.020829
vn -0.000000 -1.000000 -0.000000
vt 0.291667 0.458333
v 0.000000 -0.125000 2.260156
vn -0.500000 -0.866025 -0.000000
vt 0.166667 0.916667
v -0.062500 -0.108253 2.827344
vn -0.500000 -0.866025 -0.000000
vt 0.666667 0.916667
v -0.062500 -0.108253 2.578125
vn -0.500000 -0.866025 -0.000000
vt 0.000000 0.416667
v -0.062500 -0.108253 1.890625
vn -0.500000 -0.866025 -0.000000
vt 0.333333 0.583333
v -0.062500 -0.108253 1.203125
vn -1.000000 -0.000000 0.000000
vt 0.375000 0.458333
v -0.125000 -0.000000 3.703906
vn -1.000000 -0.000000 0.000000
vt 0.500000 0.750000
v -0.125000 -0.000000 2.978809
vn -1.000000 0.000000 0.000000
vt 0.500000 1.000000
v -0.125000 -0.000000 3.239844
vn -0.500000 -0.866025 -0.000000
vt 0.750000 0.500000
v -0.062500 -0.108253 1.632812
vn -0.500000 -0.866025 -0.000000
vt 0.000000 0.333333
v -0.062500 -0.108253 2.148438
vn -0.500000 -0.866025 0.000000
vt 0.208333 0.541667
v -0.062500 -0.108253 0.945312
vn 0.000000 1.000000 0.000000
vt 0.583333 1.000000
v -0.000000 0.125000 3.085156
vn 0.000000 -1.000000 -0.000000
vt 0.791667 0.625000
v 0.000000 -0.125000 0.489844
vn 0.500000 0.866025 0.000000
vt 0.416667 0.833333
v 0.062500 0.108253 4.116406
vn 0.000015 1.000000 -0.000008
vt 0.916667 0.833333
v -0.000000 0.125000 2.123271
vn 0.000000 -1.000000 -0.000000
vt 0.250000 1.000000
v 0.000000 -0.125000 4.193750
vn 0.866025 0.500000 0.000000
vt 0.000000 0.500000
v 0.108253 0.062500 3.798438
vn 0.421194 -0.906950 0.006067
vt 0.479167 0.062500
v 0.058217 -0.107405 1.524127
vn -0.409004 0.912520 0.004858
vt 0.520833 0.062500
v -0.057443 0.107711 1.518730
vn 0.000000 1.000000 0.000000
vt 0.375000 0.291667
v -0.000000 0.125000 3.732910
vn 0.787913 0.615783 -0.001954
vt 0.791667 0.166667
v 0.100649 0.070105 2.840835
vn 0.000000 -1.000000 -0.000000
vt 0.416667 0.583333
v 0.000000 -0.125000 0.244922
vn 1.000000 0.000000 0.000000
vt 0.625000 0.625000
v 0.125000 -0.000000 3.665235
vn 0.000000 -1.000000 -0.000000
vt 0.250000 0.416667
v 0.000000 -0.125000 3.913379
vn -1.000000 0.000000 -0.000000
vt 0.375000 0.458333
v -0.125000 -0.000000 2.471240
vn -0.780997 0.624531 0.002367
vt 0.458333 0.125000
v -0.100557 0.070196 0.412698
vn -0.500000 -0.866025 -0.000000
vt 0.750000 0.916667
v -0.062500 -0.108253 3.454553
vn 0.866025 0.500000 0.000000
vt 0.166667 0.333333
v 0.108253 0.062500 3.973535
vn -0.000000 -1.000000 -0.000000
vt 0.083333 0.916667
v 0.000000 -0.125000 3.263057
vn 1.000000 -0.000000 -0.000000
vt 0.875000 0.541667
v 0.125000 -0.000000 2.964844
vn -0.500000 -0.866025 -0.000000
vt 0.000000 0.833333
v -0.062500 -0.108253 3.185748
vn 0.729755 0.683702 -0.003153
vt 0.375000 0.625000
v 0.089033 0.081590 3.102755
vn 0.958185 -0.286144 0.001811
vt 0.666667 0.125000
v 0.116563 -0.031257 1.803082
vn 0.932256 0.361797 0.001345
vt 0.520833 0.062500
v 0.111764 0.048408 1.745663
vn -0.500000 -0.866025 -0.000000
vt 0.500000 0.333333
v -0.062500 -0.108253 0.419669
vn 0.305256 0.952263 -0.003877
vt 0.625000 0.291667
v 0.050157 0.111557 2.039992
vn -1.000000 0.000294 -0.000453
vt 0.041667 0.458333
v -0.125000 -0.000000 2.209148
vn 0.002265 0.999997 0.000006
vt 0.958333 0.625000
v -0.000000 0.125000 1.860667
vn -0.999997 0.002530 0.000715
vt 0.333333 0.041667
v -0.125000 0.000000 1.961801
vn -1.000000 -0.000000 -0.000000
vt 0.666667 0.916667
v -0.125000 -0.000000 4.105463
vn 0.000000 1.000000 0.000000
vt 0.875000 0.375000
v -0.000000 0.125000 4.041917
vn -0.954049 0.299624 -0.003873
vt 0.375000 0.041667
v -0.111069 0.050408 2.030998
vn 0.000000 0.000000 -1.000000
vt 0.875000 0.250000
v 0.125000 0.000000 0.000000
vn 0.000000 0.000000 0.000000
vt 0.000047 0.000000
v 0.000000 0.000000 0.000000
vn 0.866026 -0.500000 0.000107
vt 0.375000 0.083333
v 0.108253 -0.062500 0.000000
vn 0.000000 0.000000 0.000000
vt 0.000047 0.000000
v 0.000000 0.000000 0.000000
vn 0.499999 -0.866026 0.000113
vt 0.375000 0.083333
v 0.062500 -0.108253 0.000000
vn 0.000000 0.000000 0.000000
vt 0.000047 0.000000
v 0.000000 0.000000 0.000000
vn 0.000000 -1.000000 0.000000
vt 0.458333 0.541667
v 0.000000 -0.125000 0.000000
vn 0.000000 0.000000 0.000000
vt 0.000047 0.000000
v 0.000000 0.000000 0.000000
vn -0.500000 -0.866025 -0.000000
vt 0.000000 0.666667
v -0.062500 -0.108253 0.000000
vn 0.000000 0.000000 0.000000
vt 0.000047 0.000000
v 0.000000 0.000000 0.000000
vn -0.866025 -0.500000 -0.000000
vt 0.500000 0.500000
v -0.108253 -0.062500 0.000000
vn 0.000000 0.000000 0.000000
vt 0.000047 0.000000
v 0.000000 0.000000 0.000000
vn -1.000000 0.000000 0.000000
vt 0.458333 0.458333
v -0.125000 0.000000 0.000000
vn 0.000000 0.000000 0.000000
vt 0.000047 0.000000
v 0.000000 0.000000 0.000000
vn -0.866020 0.500009 0.000358
vt 0.916667 0.583333
v -0.108253 0.062500 0.000000
vn 0.000000 0.000000 0.000000
vt 0.000047 0.000000
v 0.000000 0.000000 0.000000
vn -0.499979 0.866037 0.000520
vt 0.333333 0.166667
v -0.062500 0.108253 0.000000
vn 0.000000 0.000000 0.000000
vt 0.000047 0.000000
v 0.000000 0.000000 0.000000
vn -0.000000 1.000000 0.000000
vt 0.666667 0.416667
v -0.000000 0.125000 0.000000
vn 0.000000 0.000000 0.000000
vt 0.000047 0.000000
v 0.000000 0.000000 0.000000
vn 0.500000 0.866025 0.000065
vt 0.375000 0.041667
v 0.062500 0.108253 0.000000
vn 0.000000 0.000000 0.000000
vt 0.000047 0.000000
v 0.000000 0.000000 0.000000
vn 0.866038 0.499978 0.000529
vt 0.333333 0.083333
v 0.108253 0.062500 0.000000
vn 0.000000 0.000000 0.000000
vt 0.000047 0.000000
v 0.000000 0.000000 0.000000
vn 0.000000 0.000000 1.000000
vt 0.958333 0.166667
v 0.108253 -0.062500 4.400000
vn 0.000000 0.000000 0.000000
vt 0.000047 0.000000
v 0.000000 0.000000 0.000000
vn 1.000000 -0.000000 -0.000000
vt 0.333333 0.916667
v 0.125000 -0.000000 4.400000
vn 0.000000 0.000000 0.000000
vt 0.000047 0.000000
v 0.000000 0.000000 0.000000
vn 0.000000 0.000000 1.000000
vt 0.958333 0.208333
v 0.062500 -0.108253 4.400000
vn 0.000000 0.000000 0.000000
vt 0.000047 0.000000
v 0.000000 0.000000 0.000000
vn 0.000000 0.000000 1.000000
vt 0.000000 0.125000
v 0.000000 -0.125000 4.400000
vn 0.000000 0.000000 0.000000
vt 0.000047 0.000000
v 0.000000 0.000000 0.000000
vn 0.000000 0.000000 1.000000
vt 0.000000 0.125000
v -0.062500 -0.108253 4.400000
vn 0.000000 0.000000 0.000000
vt 0.000047 0.000000
v 0.000000 0.000000 0.000000
vn 0.000000 0.000000 1.000000
vt 0.041667 0.166667
v -0.108253 -0.062500 4.400000
vn 0.000000 0.000000 0.000000
vt 0.000047 0.000000
v 0.000000 0.000000 0.000000
vn 0.000000 0.000000 1.000000
vt 0.041667 0.125000
v -0.125000 -0.000000 4.400000
vn 0.000000 0.000000 0.000000
vt 0.000047 0.000000
v 0.000000 0.000000 0.000000
vn 0.000000 0.000000 1.000000
vt 0.083333 0.125000
v -0.108253 0.062500 4.400000
vn 0.000000 0.000000 0.000000
vt 0.000047 0.000000
v 0.000000 0.000000 0.000000
vn 0.000000 0.000000 1.000000
vt 0.041667 0.125000
v -0.062500 0.108253 4.400000
vn 0.000000 0.000000 0.000000
vt 0.000047 0.000000
v 0.000000 0.000000 0.000000
vn 0.000000 0.000000 1.000000
vt 0.041667 0.083333
v -0.000000 0.125000 4.400000
vn 0.000000 0.000000 0.000000
vt 0.000047 0.000000
v 0.000000 0.000000 0.000000
vn 0.000000 0.000000 1.000000
vt 0.041667 0.083333
v 0.062500 0.108253 4.400000
vn 0.000000 0.000000 0.000000
vt 0.000000 0.000000
v 0.000000 0.000000 0.000000
vn 0.000000 0.000000 1.000000
vt 0.083333 0.125000
v 0.108253 0.062500 4.400000
vn 0.000000 0.000000 0.000000
vt 0.000000 0.000000
v 0.000000 0.000000 0.000000
vn 0.000000 0.000000 -1.000000
vt 0.875000 0.208333
v -0.000000 0.000000 0.000000
vn 0.000000 0.000000 -1.000000
vt 0.875000 0.250000
v 0.108253 -0.062500 0.000000
vn 0.000000 0.000000 -1.000000
vt 0.916667 0.166667
v -0.000000 0.000000 0.000000
vn 0.000000 0.000000 -1.000000
vt 0.916667 0.208333
v 0.062500 -0.108253 0.000000
vn 0.000000 0.000000 -1.000000
vt 0.833333 0.166667
v -0.062500 -0.108253 0.000000
vn 0.000000 0.000000 -1.000000
vt 0.875000 0.208333
v -0.108253 -0.062500 0.000000
vn 0.000000 0.000000 -1.000000
vt 0.958333 0.208333
v -0.000000 0.000000 0.000000
vn 0.000000 0.000000 -1.000000
vt 0.916667 0.250000
v -0.125000 0.000000 0.000000
vn 0.000000 0.000000 -1.000000
vt 1.000000 0.250000
v -0.000000 0.000000 0.000000
vn 0.000000 0.000000 -1.000000
vt 0.958333 0.250000
v -0.062500 0.108253 0.000000
vn 0.000000 0.000000 -1.000000
vt 0.958333 0.250000
v -0.000000 0.125000 0.000000
vn 0.000000 0.000000 -1.000000
vt 1.000000 0.166667
v 0.062500 0.108253 0.000000
vn 0.000000 0.000000 -1.000000
vt 1.000000 0.250000
v 0.125000 0.000000 0.000000
vn 0.000000 0.000000 1.000000
vt 1.000000 0.166667
v -0.000000 -0.000000 4.400000
vn 0.000000 0.000000 1.000000
vt 0.000000 0.166667
v -0.000000 -0.000000 4.400000
vn 0.000000 0.000000 1.000000
vt 0.041667 0.125000
v 0.062500 -0.108253 4.400000
vn 0.000000 0.000000 1.000000
vt 0.041667 0.125000
v -0.000000 -0.000000 4.400000
vn 0.000000 0.000000 1.000000
vt 0.000000 0.083333
v 0.000000 -0.125000 4.400000
vn 0.000000 0.000000 1.000000
vt 0.083333 0.166667
v -0.000000 -0.000000 4.400000
vn 0.000000 0.000000 1.000000
vt 0.041667 0.125000
v -0.062500 -0.108253 4.400000
vn 0.000000 0.000000 1.000000
vt 0.083333 0.083333
v -0.000000 -0.000000 4.400000
vn 0.000000 0.000000 1.000000
vt 0.000000 0.083333
v -0.000000 -0.000000 4.400000
vn 0.000000 0.000000 1.000000
vt 0.083333 0.083333
v -0.000000 0.125000 4.400000
vn 0.000000 0.000000 1.000000
vt 0.125000 0.125000
v 0.062500 0.108253 4.400000
vn 0.000000 0.000000 1.000000
vt 0.125000 0.125000
v -0.000000 -0.000000 4.400000
vn 0.000000 0.000000 1.000000
vt 0.083333 0.125000
v 0.125000 -0.000000 4.400000
vn 0.000000 0.000000 1.000000
vt 0.083333 0.083333
v 0.108253 0.062500 4.400000
vn 0.340948 -0.940081 0.001599
vt 0.166667 0.083333
v 0.043802 -0.113263 1.649091
vn 0.000000 1.000000 0.000000
vt 0.541667 0.625000
v -0.000000 0.125000 0.721875
vn -1.000000 -0.000000 0.000000
vt 0.500000 0.583333
v -0.125000 0.000000 1.443750
vn 0.866030 0.499992 0.000093
vt 0.625000 0.625000
v 0.108253 0.062500 2.200000
vn 0.814253 -0.580500 0.003313
vt 0.208333 0.125000
v 0.104492 -0.066261 1.365354
vn 0.707107 -0.707107 -0.000000
vt 0.250000 0.166667
v 0.085282 -0.085471 1.517232
vn 0.000000 -1.000000 -0.000000
vt 0.083333 0.916667
v 0.000000 -0.125000 1.375000
vn 0.000000 -1.000000 -0.000000
vt 0.083333 1.000000
v 0.000000 -0.125000 1.650000
vn -0.500000 -0.866025 -0.000000
vt 0.000000 0.916667
v -0.062500 -0.108253 1.375000
vn -0.771198 0.636590 0.002570
vt 0.166667 0.166667
v -0.101103 0.069650 1.360206
vn -0.707107 0.707107 0.000000
vt 0.208333 0.125000
v -0.084436 0.086318 1.515946
vn 0.636590 0.771198 0.002570
vt 0.208333 0.125000
v 0.069650 0.101103 1.360206
vn 0.707107 0.707107 0.000000
vt 0.250000 0.083333
v 0.086317 0.084436 1.515946
vn 0.834709 0.550677 -0.003985
vt 0.250000 0.166667
v 0.104619 0.066134 1.940951
vn 0.866025 -0.500000 -0.000000
vt 0.666667 0.583333
v 0.108253 -0.062500 3.575000
vn 0.866025 -0.500000 -0.000000
vt 0.166667 1.000000
v 0.108253 -0.062500 2.475000
vn 0.950756 -0.309907 -0.004556
vt 0.270833 0.020833
v 0.111584 -0.050071 0.949556
vn 0.584620 -0.811299 -0.003734
vt 0.312500 0.020833
v 0.066606 -0.104147 0.850727
vn -1.000000 0.000000 0.000000
vt 0.666667 0.666667
v -0.125000 0.000000 1.203125
vn -1.000000 -0.000000 0.000000
vt 0.666667 0.583333
v -0.125000 0.000000 1.443750
vn -0.922854 0.385140 -0.002875
vt 0.333333 0.083333
v -0.109712 0.057055 0.838954
vn -0.866025 0.500000 0.000033
vt 0.333333 0.041667
v -0.108253 0.062500 1.100000
vn -0.557914 0.829886 -0.004480
vt 0.208333 0.125000
v -0.066606 0.104147 0.850727
vn -0.324109 0.946010 -0.004407
vt 0.208333 0.083333
v -0.048481 0.112010 0.875332
vn -0.000000 1.000000 0.000000
vt 0.750000 0.666667
v -0.000000 0.125000 1.203125
vn -0.000000 1.000000 0.000000
vt 0.666667 0.666667
v -0.000000 0.125000 1.443750
vn 0.385140 0.922854 -0.002875
vt 0.375000 0.041667
v 0.057055 0.109712 0.838954
vn 0.500001 0.866025 0.000033
vt 0.333333 0.041667
v 0.062500 0.108253 1.100000
vn 0.729755 0.683702 -0.003153
vt 0.208333 0.083333
v 0.089033 0.081590 3.102755
vn 0.834709 0.550677 -0.003985
vt 0.250000 0.125000
v 0.104619 0.066134 1.940951
vn 0.866030 0.499992 0.000093
vt 0.291667 0.125000
v 0.108253 0.062500 2.200000
vn 0.948803 0.315844 -0.003787
vt 0.250000 0.166667
v 0.112842 0.045373 1.930025
vn 0.827566 0.561351 -0.004386
vt 0.375000 0.083333
v 0.104147 0.066606 0.850727
vn 0.935280 -0.353893 0.003213
vt 0.750000 0.583333
v 0.111584 -0.050071 0.399556
vn 1.000000 -0.000000 0.000000
vt 0.666667 0.583333
v 0.125000 0.000000 0.206250
vn 1.000000 0.000000 -0.000000
vt 0.291667 0.125000
v 0.125000 0.000000 0.825000
vn 0.950764 -0.309890 -0.004059
vt 0.250000 0.125000
v 0.114914 -0.037642 0.799111
vn 0.935280 -0.353893 0.003213
vt 0.395833 0.062500
v 0.109918 -0.056285 0.199778
vn 0.866027 -0.499997 -0.000101
vt 0.375000 0.083333
v 0.108253 -0.062500 1.100000
vn 0.936754 -0.349973 0.003283
vt 0.333333 0.083333
v 0.110651 -0.053551 1.369778
vn 0.814253 -0.580500 0.003313
vt 0.354167 0.062500
v 0.104492 -0.066261 1.365354
vn 0.584857 -0.811133 -0.002342
vt 0.333333 0.166667
v 0.070713 -0.100040 0.601455
vn 0.838147 -0.545425 -0.004651
vt 0.291667 0.166667
v 0.104127 -0.066626 0.840303
vn 0.707107 -0.707107 -0.000000
vt 0.291667 0.125000
v 0.087426 -0.083327 0.848120
vn 0.866025 -0.500000 -0.000000
vt 0.166667 0.916667
v 0.108253 -0.062500 3.300000
vn 0.500000 -0.866025 -0.000000
vt 0.250000 0.916667
v 0.062500 -0.108253 3.300000
vn 0.584857 -0.811133 -0.002342
vt 0.250000 0.166667
v 0.070713 -0.100040 0.601455
vn 0.500000 -0.866026 -0.000019
vt 0.416667 0.041667
v 0.062500 -0.108253 1.100000
vn 0.572935 -0.819595 0.003081
vt 0.375000 0.041667
v 0.066134 -0.104619 1.390951
vn 0.341284 -0.939956 0.003045
vt 0.395833 0.020833
v 0.053151 -0.110758 1.374546
vn 0.354717 -0.934967 -0.003705
vt 0.750000 0.583333
v 0.052877 -0.110832 0.829364
vn 0.345652 -0.938357 0.003245
vt 0.833333 0.583333
v 0.052877 -0.110832 0.279364
vn 0.345382 -0.938460 0.001880
vt 0.833333 0.666667
v 0.043254 -0.113410 0.558727
vn -0.816803 -0.576907 0.003334
vt 0.416667 0.041667
v -0.104522 -0.066232 1.368482
vn -0.938287 -0.345843 0.003300
vt 0.395833 0.020833
v -0.110719 -0.053299 1.363321
vn -1.000000 -0.000000 -0.000000
vt 0.791667 0.625000
v -0.125000 0.000000 1.714453
vn -0.938683 -0.344780 0.000796
vt 0.750000 0.583333
v -0.113184 -0.044097 1.626642
vn -0.937491 -0.347996 -0.003107
vt 0.833333 0.583333
v -0.110719 -0.053299 1.913321
vn -1.000000 -0.000000 -0.000000
vt 0.916667 0.666667
v -0.125000 0.000000 0.240625
vn -0.890766 0.454453 -0.002863
vt 0.916667 0.666667
v -0.109712 0.057055 0.288954
vn -0.866025 0.500000 0.000033
vt 0.416667 0.041667
v -0.108253 0.062500 1.100000
vn -0.910974 0.412462 0.001346
vt 0.416667 0.083333
v -0.109842 0.056571 1.370756
vn -0.771198 0.636590 0.002570
vt 0.395833 0.062500
v -0.101103 0.069650 1.360206
vn -0.566344 0.824167 0.001816
vt 0.333333 0.083333
v -0.070713 0.100040 0.601455
vn -0.791725 0.610870 -0.002873
vt 0.333333 0.125000
v -0.104127 0.066626 0.840303
vn -0.707107 0.707107 0.000000
vt 0.291667 0.125000
v -0.087426 0.083327 0.848120
vn -0.566344 0.824167 0.001816
vt 0.375000 0.041667
v -0.070713 0.100040 0.601455
vn -0.499998 0.866027 -0.000053
vt 0.291667 0.125000
v -0.062500 0.108253 1.100000
vn -0.559290 0.828968 0.002540
vt 0.250000 0.083333
v -0.066134 0.104619 1.390951
vn -0.324538 0.945868 0.002966
vt 0.291667 0.083333
v -0.049609 0.111707 1.375380
vn -0.324538 0.945868 0.002966
vt 0.875000 0.625000
v -0.049609 0.111707 1.375380
vn -0.000000 1.000000 0.000000
vt 0.833333 0.583333
v -0.000000 0.125000 1.443750
vn -0.000000 1.000000 0.000000
vt 0.916667 0.583333
v -0.000000 0.125000 1.203125
vn -0.340036 0.940411 0.001944
vt 0.916667 0.666667
v -0.044097 0.113184 1.626642
vn -0.351289 0.936262 -0.003223
vt 0.916667 0.583333
v -0.053299 0.110719 1.913321
vn -0.323741 0.946142 -0.002668
vt 0.916667 0.666667
v -0.034462 0.115766 0.650664
vn 0.000000 1.000000 0.000000
vt 1.000000 0.666667
v -0.000000 0.125000 0.481250
vn 0.384532 0.923108 0.002585
vt 0.354167 0.020833
v 0.057055 0.109712 0.288954
vn 0.500001 0.866025 0.000033
vt 0.333333 0.000000
v 0.062500 0.108253 1.100000
vn 0.412462 0.910974 0.001347
vt 0.375000 0.000000
v 0.056571 0.109842 1.370756
vn 0.636590 0.771198 0.002570
vt 0.354167 0.020833
v 0.069650 0.101103 1.360206
vn 0.807052 0.590475 0.002504
vt 0.291667 0.125000
v 0.100040 0.070713 0.601455
vn 0.610870 0.791726 -0.002873
vt 0.291667 0.083333
v 0.066626 0.104127 0.840303
vn 0.707107 0.707107 0.000000
vt 0.333333 0.083333
v 0.083327 0.087426 0.848120
vn 0.807052 0.590475 0.002504
vt 0.375000 0.125000
v 0.100040 0.070713 0.601455
vn 0.866026 0.499998 -0.000037
vt 0.375000 0.000000
v 0.108253 0.062500 1.100000
vn 0.819794 0.572658 0.000639
vt 0.416667 0.000000
v 0.104619 0.066134 1.390951
vn 1.000000 0.000000 0.000000
vt 0.958333 0.625000
v 0.125000 0.000000 1.237500
vn 0.866026 0.499998 -0.000037
vt 0.916667 0.583333
v 0.108253 0.062500 1.100000
vn 0.947359 0.320157 0.003227
vt 1.000000 0.583333
v 0.110780 0.053070 1.283456
vn 0.866030 0.499992 0.000093
vt 0.375000 0.125000
v 0.108253 0.062500 2.200000
vn 0.959096 0.283078 0.001275
vt 0.375000 0.166667
v 0.115135 0.036817 2.382756
vn 1.000000 0.000000 0.000000
vt 0.041667 0.541667
v 0.125000 -0.000000 3.665235
vn 1.000000 0.000000 0.000000
vt 0.041667 0.541667
v 0.125000 0.000000 0.618750
vn 1.000000 0.000000 -0.000000
vt 0.083333 0.500000
v 0.125000 0.000000 1.443750
vn 0.936754 -0.349973 0.003283
vt 0.083333 0.500000
v 0.110651 -0.053551 1.369778
vn 1.000000 0.000000 -0.000000
vt 0.041667 0.541667
v 0.125000 0.000000 1.443750
vn 0.937890 -0.346934 -0.000266
vt 0.000000 0.500000
v 0.113049 -0.044602 1.639556
vn 1.000000 0.000000 -0.000000
vt 0.083333 0.583333
v 0.125000 0.000000 2.062500
vn 1.000000 0.000000 0.000000
vt 0.083333 0.500000
v 0.125000 -0.000000 2.268750
vn 0.866026 -0.499998 -0.000116
vt 0.125000 0.541667
v 0.108253 -0.062500 2.200000
vn 0.500000 -0.866025 -0.000000
vt 0.333333 0.916667
v 0.062500 -0.108253 3.025000
vn 1.000000 -0.000000 0.000000
vt 0.166667 0.583333
v 0.125000 -0.000000 2.681250
vn 0.948803 0.315844 -0.003787
vt 0.166667 0.500000
v 0.112842 0.045373 1.930025
vn 0.866030 0.499992 0.000093
vt 0.166667 0.583333
v 0.108253 0.062500 2.200000
vn 1.000000 0.000000 -0.000000
vt 0.125000 0.541667
v 0.125000 0.000000 2.062500
vn 0.866026 -0.499998 -0.000116
vt 0.166667 0.500000
v 0.108253 -0.062500 2.200000
vn 1.000000 0.000000 0.000000
vt 0.125000 0.541667
v 0.125000 -0.000000 2.268750
vn 0.866025 -0.500000 -0.000000
vt 0.083333 0.500000
v 0.108253 -0.062500 2.475000
vn 0.950756 -0.309907 -0.004556
vt 0.375000 0.125000
v 0.111584 -0.050071 0.949556
vn 0.866027 -0.499997 -0.000101
vt 0.333333 0.166667
v 0.108253 -0.062500 1.100000
vn 0.866027 -0.499997 -0.000101
vt 0.166667 0.500000
v 0.108253 -0.062500 1.100000
vn 0.500000 -0.866026 -0.000019
vt 0.208333 0.541667
v 0.062500 -0.108253 1.100000
vn 0.584620 -0.811299 -0.003734
vt 0.166667 0.583333
v 0.066606 -0.104147 0.850727
vn 0.584620 -0.811299 -0.003734
vt 0.416667 0.083333
v 0.066606 -0.104147 0.850727
vn 0.707107 -0.707107 -0.000000
vt 0.416667 0.125000
v 0.087426 -0.083327 0.848120
vn 0.866027 -0.499997 -0.000101
vt 0.375000 0.125000
v 0.108253 -0.062500 1.100000
vn -0.866026 -0.500000 0.000059
vt 0.166667 0.583333
v -0.108253 -0.062500 1.100000
vn -0.500000 -0.866025 -0.000000
vt 0.208333 0.541667
v -0.062500 -0.108253 1.203125
vn -0.866026 -0.500000 0.000059
vt 0.250000 0.500000
v -0.108253 -0.062500 1.100000
vn -0.922854 0.385140 -0.002875
vt 0.250000 0.500000
v -0.109712 0.057055 0.838954
vn -1.000000 -0.000000 0.000000
vt 0.208333 0.541667
v -0.125000 0.000000 0.962500
vn -0.866025 0.500000 0.000033
vt 0.166667 0.500000
v -0.108253 0.062500 1.100000
vn -0.866025 0.500000 0.000033
vt 0.250000 0.500000
v -0.108253 0.062500 1.100000
vn -0.499998 0.866027 -0.000053
vt 0.291667 0.541667
v -0.062500 0.108253 1.100000
vn -0.557914 0.829886 -0.004480
vt 0.250000 0.583333
v -0.066606 0.104147 0.850727
vn -0.557914 0.829886 -0.004480
vt 0.375000 0.125000
v -0.066606 0.104147 0.850727
vn -0.707107 0.707107 0.000000
vt 0.416667 0.125000
v -0.087426 0.083327 0.848120
vn -0.866025 0.500000 0.000033
vt 0.416667 0.166667
v -0.108253 0.062500 1.100000
vn 0.385140 0.922854 -0.002875
vt 0.250000 0.583333
v 0.057055 0.109712 0.838954
vn -0.000000 1.000000 0.000000
vt 0.291667 0.541667
v -0.000000 0.125000 0.962500
vn 0.500001 0.866025 0.000033
vt 0.333333 0.583333
v 0.062500 0.108253 1.100000
vn 0.866026 0.499998 -0.000037
vt 0.291667 0.541667
v 0.108253 0.062500 1.100000
vn 0.827566 0.561351 -0.004386
vt 0.333333 0.500000
v 0.104147 0.066606 0.850727
vn 0.827566 0.561351 -0.004386
vt 0.333333 0.083333
v 0.104147 0.066606 0.850727
vn 0.707107 0.707107 0.000000
vt 0.375000 0.083333
v 0.083327 0.087426 0.848120
vn 0.500001 0.866025 0.000033
vt 0.375000 0.125000
v 0.062500 0.108253 1.100000
vn 1.000000 0.000000 0.000000
vt 0.250000 0.500000
v 0.125000 -0.000000 2.268750
vn 1.000000 0.000000 -0.000000
vt 0.333333 0.500000
v 0.125000 0.000000 2.062500
vn 0.866030 0.499992 0.000093
vt 0.291667 0.541667
v 0.108253 0.062500 2.200000
vn 0.950756 -0.309907 -0.004556
vt 0.375000 0.541667
v 0.111584 -0.050071 0.949556
vn 1.000000 0.000000 -0.000000
vt 0.333333 0.583333
v 0.125000 0.000000 0.825000
vn 1.000000 0.000000 -0.000000
vt 0.333333 0.500000
v 0.125000 0.000000 1.031250
vn 0.866027 -0.499997 -0.000101
vt 0.416667 0.083333
v 0.108253 -0.062500 1.100000
vn 0.814253 -0.580500 0.003313
vt 0.375000 0.125000
v 0.104492 -0.066261 1.365354
vn 0.811804 -0.583923 0.002839
vt 0.416667 0.583333
v 0.100001 -0.070752 0.580606
vn 0.838147 -0.545425 -0.004651
vt 0.333333 0.583333
v 0.104127 -0.066626 0.840303
vn 0.584857 -0.811133 -0.002342
vt 0.375000 0.541667
v 0.070713 -0.100040 0.601455
vn 0.811804 -0.583923 0.002839
vt 0.416667 0.166667
v 0.100001 -0.070752 0.580606
vn 0.576741 -0.816921 0.003280
vt 0.416667 0.125000
v 0.068660 -0.102093 0.451091
vn 0.866026 -0.500000 0.000107
vt 0.416667 0.500000
v 0.108253 -0.062500 0.000000
vn 0.811816 -0.583905 0.003239
vt 0.416667 0.583333
v 0.104127 -0.066626 0.290303
vn 0.576741 -0.816920 0.003280
vt 0.375000 0.541667
v 0.065580 -0.105173 0.225545
vn 0.000000 -1.000000 -0.000000
vt 0.375000 0.541667
v 0.000000 -0.125000 1.375000
vn 0.341284 -0.939956 0.003045
vt 0.416667 0.500000
v 0.053151 -0.110758 1.374546
vn 0.348046 -0.937472 -0.003287
vt 0.416667 0.583333
v 0.053151 -0.110758 1.924546
vn 0.500000 -0.866026 -0.000057
vt 0.416667 0.500000
v 0.062500 -0.108253 2.200000
vn 0.500000 -0.866025 -0.000000
vt 0.500000 1.000000
v 0.062500 -0.108253 3.575000
vn 0.500000 -0.866025 -0.000000
vt 0.416667 0.916667
v 0.062500 -0.108253 3.300000
vn 0.499999 -0.866026 0.000113
vt 0.500000 0.583333
v 0.062500 -0.108253 0.000000
vn -1.000000 0.000000 0.000000
vt 0.458333 0.541667
v -0.125000 0.000000 1.203125
vn -0.866026 -0.500000 0.000059
vt 0.416667 0.500000
v -0.108253 -0.062500 1.100000
vn -0.938287 -0.345843 0.003300
vt 0.500000 0.500000
v -0.110719 -0.053299 1.363321
vn -0.866025 -0.500000 -0.000000
vt 0.416667 0.916667
v -0.108253 -0.062500 3.575000
vn -0.866025 -0.500000 -0.000000
vt 0.583333 1.000000
v -0.108253 -0.062500 3.300000
vn -0.866025 -0.500000 -0.000000
vt 0.500000 0.916667
v -0.108253 -0.062500 3.025000
vn -1.000000 -0.000000 -0.000000
vt 0.500000 0.583333
v -0.125000 0.000000 0.481250
vn -1.000000 -0.000000 -0.000000
vt 0.500000 0.500000
v -0.125000 0.000000 0.721875
vn -0.923367 0.383917 -0.000906
vt 0.541667 0.541667
v -0.111171 0.051611 0.577907
vn -0.866025 0.500000 0.000033
vt 0.416667 0.083333
v -0.108253 0.062500 1.100000
vn -0.771198 0.636590 0.002570
vt 0.458333 0.125000
v -0.101103 0.069650 1.360206
vn -0.791177 0.611586 -0.001251
vt 0.583333 0.583333
v -0.100001 0.070752 0.580606
vn -0.791725 0.610870 -0.002873
vt 0.500000 0.583333
v -0.104127 0.066626 0.840303
vn -0.566344 0.824167 0.001816
vt 0.541667 0.541667
v -0.070713 0.100040 0.601455
vn -0.707107 0.707107 0.000000
vt 0.395833 0.020833
v -0.084981 0.085772 0.511430
vn -0.531032 0.847351 -0.000370
vt 0.500000 0.166667
v -0.065580 0.105173 0.225545
vn -0.733133 0.680081 0.002549
vt 0.458333 0.166667
v -0.089252 0.081502 0.240520
vn -0.000000 1.000000 0.000000
vt 0.541667 0.541667
v -0.000000 0.125000 1.203125
vn -0.499998 0.866027 -0.000053
vt 0.583333 0.500000
v -0.062500 0.108253 1.100000
vn -0.324538 0.945868 0.002966
vt 0.583333 0.583333
v -0.049609 0.111707 1.375380
vn -0.324109 0.946010 -0.004407
vt 0.541667 0.541667
v -0.048481 0.112010 0.875332
vn -0.000000 1.000000 0.000000
vt 0.500000 0.500000
v -0.000000 0.125000 0.962500
vn 0.000000 1.000000 0.000000
vt 0.583333 0.500000
v -0.000000 0.125000 0.721875
vn -0.000000 1.000000 0.000000
vt 0.625000 0.541667
v -0.000000 0.125000 0.962500
vn -0.324109 0.946010 -0.004407
vt 0.583333 0.583333
v -0.048481 0.112010 0.875332
vn -0.500000 0.866025 0.000000
vt 0.666667 1.000000
v -0.062500 0.108253 3.300000
vn -0.500000 0.866025 0.000000
vt 0.583333 0.916667
v -0.062500 0.108253 3.025000
vn 0.000000 1.000000 0.000000
vt 0.666667 0.583333
v -0.000000 0.125000 0.481250
vn 0.000000 1.000000 0.000000
vt 0.583333 0.583333
v -0.000000 0.125000 0.721875
vn 0.383224 0.923656 0.000069
vt 0.625000 0.541667
v 0.051611 0.111171 0.577907
vn 0.500001 0.866025 0.000033
vt 0.416667 0.166667
v 0.062500 0.108253 1.100000
vn 0.636590 0.771198 0.002570
vt 0.458333 0.125000
v 0.069650 0.101103 1.360206
vn 0.611995 0.790862 -0.000352
vt 0.666667 0.500000
v 0.070752 0.100001 0.580606
vn 0.610870 0.791726 -0.002873
vt 0.666667 0.583333
v 0.066626 0.104127 0.840303
vn 0.807052 0.590475 0.002504
vt 0.625000 0.541667
v 0.100040 0.070713 0.601455
vn 0.807052 0.590475 0.002504
vt 0.416667 0.041667
v 0.100040 0.070713 0.601455
vn 0.707107 0.707107 0.000000
vt 0.437500 0.062500
v 0.084881 0.085872 0.480875
vn 0.500000 0.866025 0.000065
vt 0.583333 0.500000
v 0.062500 0.108253 0.000000
vn 0.610349 0.792129 0.002584
vt 0.666667 0.500000
v 0.066626 0.104127 0.290303
vn 0.844257 0.535935 -0.002038
vt 0.625000 0.541667
v 0.105173 0.065580 0.225545
vn 0.999999 0.001112 0.000597
vt 0.666667 0.583333
v 0.125000 0.000000 1.650000
vn 1.000000 0.000000 -0.000000
vt 0.666667 0.500000
v 0.125000 0.000000 1.443750
vn 0.944669 0.328003 -0.003800
vt 0.458333 0.125000
v 0.113582 0.042611 0.755000
vn 0.944658 0.328030 -0.004318
vt 0.500000 0.083333
v 0.110918 0.052556 0.927500
vn 1.000000 0.000000 -0.000000
vt 0.500000 0.125000
v 0.125000 0.000000 0.825000
vn 1.000000 0.000000 -0.000000
vt 0.666667 0.583333
v 0.125000 0.000000 2.062500
vn 1.000000 0.000560 -0.000653
vt 0.750000 0.583333
v 0.125000 0.000000 1.856250
vn 1.000000 0.000000 0.000000
vt 0.708333 0.541667
v 0.125000 0.000000 1.237500
vn 0.936754 -0.349973 0.003283
vt 0.750000 0.500000
v 0.110651 -0.053551 1.369778
vn 0.866027 -0.499997 -0.000101
vt 0.750000 0.583333
v 0.108253 -0.062500 1.100000
vn 0.578824 -0.815446 -0.003320
vt 0.500000 0.166667
v 0.066134 -0.104619 1.940951
vn 0.578824 -0.815446 -0.003320
vt 0.458333 0.125000
v 0.066134 -0.104619 1.940951
vn 0.707107 -0.707107 0.000000
vt 0.416667 0.083333
v 0.085285 -0.085468 1.792184
vn 0.572935 -0.819595 0.003081
vt 0.458333 0.125000
v 0.066134 -0.104619 1.390951
vn 0.707107 -0.707107 -0.000000
vt 0.458333 0.083333
v 0.085282 -0.085471 1.517232
vn 0.579118 -0.815242 -0.001852
vt 0.500000 0.083333
v 0.069768 -0.100985 1.681902
vn -0.816803 -0.576907 0.003334
vt 0.666667 0.500000
v -0.104522 -0.066232 1.368482
vn -0.816803 -0.576907 0.003334
vt 0.750000 0.500000
v -0.104522 -0.066232 1.368482
vn -0.500000 -0.866025 -0.000000
vt 0.791667 0.541667
v -0.062500 -0.108253 1.375000
vn -0.500000 -0.866025 -0.000000
vt 0.750000 0.583333
v -0.062500 -0.108253 1.632812
vn -0.910974 0.412462 0.001346
vt 0.750000 0.583333
v -0.109842 0.056571 1.370756
vn -1.000000 -0.000000 0.000000
vt 0.791667 0.541667
v -0.125000 0.000000 1.443750
vn -0.928266 0.371916 -0.000590
vt 0.833333 0.583333
v -0.111431 0.050641 1.641512
vn -0.866263 0.499588 -0.000767
vt 0.833333 0.500000
v -0.108253 0.062500 2.200000
vn -0.500000 0.866025 0.000000
vt 0.833333 0.583333
v -0.062500 0.108253 2.475000
vn -0.500000 0.866026 -0.000054
vt 0.791667 0.541667
v -0.062500 0.108253 2.200000
vn -0.581643 0.813437 -0.003252
vt 0.541667 0.125000
v -0.066134 0.104619 1.940951
vn -0.840138 0.542369 -0.001855
vt 0.500000 0.125000
v -0.104492 0.066262 1.915354
vn -0.581643 0.813437 -0.003252
vt 0.500000 0.083333
v -0.066134 0.104619 1.940951
vn -0.707107 0.707107 0.000000
vt 0.541667 0.125000
v -0.085285 0.085468 1.792184
vn -0.559290 0.828968 0.002540
vt 0.583333 0.166667
v -0.066134 0.104619 1.390951
vn -0.707107 0.707107 0.000000
vt 0.541667 0.166667
v -0.084436 0.086318 1.515946
vn -0.581765 0.813353 -0.002309
vt 0.541667 0.125000
v -0.069768 0.100985 1.681902
vn 0.412462 0.910974 0.001347
vt 0.833333 0.500000
v 0.056571 0.109842 1.370756
vn -0.000000 1.000000 0.000000
vt 0.791667 0.541667
v -0.000000 0.125000 1.443750
vn 0.707107 0.707107 0.000000
vt 0.541667 0.166667
v 0.085468 0.085285 1.792246
vn 0.834709 0.550677 -0.003985
vt 0.500000 0.166667
v 0.104619 0.066134 1.940951
vn 0.819794 0.572658 0.000639
vt 0.583333 0.083333
v 0.104619 0.066134 1.390951
vn 0.707107 0.707107 0.000000
vt 0.583333 0.125000
v 0.086317 0.084436 1.515946
vn 0.579118 -0.815242 -0.001852
vt 0.583333 0.125000
v 0.069768 -0.100985 1.681902
vn 0.813550 -0.581495 0.000714
vt 0.583333 0.166667
v 0.100730 -0.070023 1.630709
vn 0.707107 -0.707107 0.000000
vt 0.541667 0.125000
v 0.085285 -0.085468 1.792184
vn 0.814253 -0.580500 0.003313
vt 0.541667 0.083333
v 0.104492 -0.066261 1.365354
vn 0.572935 -0.819595 0.003081
vt 0.541667 0.125000
v 0.066134 -0.104619 1.390951
vn 0.707107 -0.707107 -0.000000
vt 0.500000 0.083333
v 0.085347 -0.085406 1.239071
vn 0.348046 -0.937472 -0.003287
vt 0.833333 0.500000
v 0.053151 -0.110758 1.924546
vn 0.000000 -1.000000 -0.000000
vt 0.875000 0.541667
v 0.000000 -0.125000 1.839063
vn 0.340948 -0.940081 0.001599
vt 0.833333 0.583333
v 0.043802 -0.113263 1.649091
vn -0.500000 -0.866025 -0.000000
vt 0.916667 0.583333
v -0.062500 -0.108253 1.203125
vn 0.000000 -1.000000 -0.000000
vt 0.833333 0.583333
v 0.000000 -0.125000 1.375000
vn -0.500000 -0.866025 -0.000000
vt 0.875000 0.541667
v -0.062500 -0.108253 1.375000
vn -0.000000 -1.000000 -0.000000
vt 0.583333 0.916667
v 0.000000 -0.125000 2.765912
vn -0.000000 -1.000000 -0.000000
vt 0.916667 0.500000
v 0.000000 -0.125000 1.100000
vn 0.000000 -1.000000 -0.000000
vt 0.916667 0.583333
v 0.000000 -0.125000 1.375000
vn -0.500000 -0.866025 -0.000000
vt 0.875000 0.541667
v -0.062500 -0.108253 1.203125
vn -0.866025 -0.500000 -0.000000
vt 0.666667 0.916667
v -0.108253 -0.062500 0.825000
vn -0.581765 0.813353 -0.002309
vt 0.541667 0.083333
v -0.069768 0.100985 1.681902
vn -0.797870 0.602830 0.000817
vt 0.583333 0.083333
v -0.100730 0.070023 1.630709
vn -0.771198 0.636590 0.002570
vt 0.583333 0.125000
v -0.101103 0.069650 1.360206
vn -0.559290 0.828968 0.002540
vt 0.625000 0.125000
v -0.066134 0.104619 1.390951
vn -0.707107 0.707107 0.000000
vt 0.583333 0.166667
v -0.084500 0.086253 1.237785
vn 0.805994 0.591919 0.002334
vt 0.583333 0.125000
v 0.100985 0.069768 1.681902
vn 0.602830 0.797869 0.000817
vt 0.583333 0.083333
v 0.070023 0.100730 1.630709
vn 0.707107 0.707107 0.000000
vt 0.625000 0.125000
v 0.085468 0.085285 1.792246
vn 0.636590 0.771198 0.002570
vt 0.625000 0.166667
v 0.069650 0.101103 1.360206
vn 0.819794 0.572658 0.000639
vt 0.625000 0.125000
v 0.104619 0.066134 1.390951
vn 0.707107 0.707107 0.000000
vt 0.666667 0.166667
v 0.086253 0.084500 1.237785
vn 0.887495 0.460815 0.001594
vt 0.916667 0.500000
v 0.109591 0.057507 3.048358
vn 1.000000 -0.000000 -0.000000
vt 0.916667 0.500000
v 0.125000 -0.000000 2.964844
vn 0.887495 0.460815 0.001594
vt 0.958333 0.541667
v 0.109591 0.057507 3.048358
vn 0.924691 0.380712 0.002039
vt 0.916667 0.583333
v 0.109925 0.056259 2.572948
vn 1.000000 0.000000 -0.000000
vt 0.958333 0.541667
v 0.125000 -0.000000 2.475000
vn 0.959096 0.283078 0.001275
vt 1.000000 0.583333
v 0.115135 0.036817 2.382756
vn 1.000000 0.000000 -0.000000
vt 1.000000 0.500000
v 0.125000 -0.000000 4.125000
vn 0.866025 -0.500000 -0.000000
vt 1.000000 0.583333
v 0.108253 -0.062500 3.850000
vn 1.000000 0.000000 0.000000
vt 1.000000 0.500000
v 0.125000 -0.000000 3.665235
vn 0.866025 -0.500000 -0.000000
vt 0.958333 0.541667
v 0.108253 -0.062500 3.575000
vn 1.000000 -0.000000 0.000000
vt 0.750000 1.000000
v 0.125000 -0.000000 2.681250
vn 1.000000 -0.000000 -0.000000
vt 0.666667 0.916667
v 0.125000 -0.000000 2.964844
vn 0.866025 -0.500000 -0.000000
vt 0.750000 0.916667
v 0.108253 -0.062500 2.750000
vn 1.000000 -0.000000 0.000000
vt 0.750000 1.000000
v 0.125000 -0.000000 3.196875
vn 0.866025 -0.500000 -0.000000
vt 0.750000 0.916667
v 0.108253 -0.062500 3.300000
vn 1.000000 0.000000 -0.000000
vt 0.041667 0.458333
v 0.125000 -0.000000 2.475000
vn 1.000000 -0.000000 0.000000
vt 0.000000 0.500000
v 0.125000 -0.000000 2.681250
vn 0.866025 -0.500000 -0.000000
vt 0.000000 0.416667
v 0.108253 -0.062500 2.475000
vn 0.937890 -0.346934 -0.000266
vt 0.625000 0.166667
v 0.113049 -0.044602 1.639556
vn 0.840227 -0.542220 -0.004066
vt 0.583333 0.166667
v 0.104492 -0.066261 1.915354
vn 0.813550 -0.581495 0.000714
vt 0.625000 0.125000
v 0.100730 -0.070023 1.630709
vn 0.840227 -0.542220 -0.004066
vt 0.625000 0.125000
v 0.104492 -0.066261 1.915354
vn 0.937890 -0.346934 -0.000266
vt 0.666667 0.083333
v 0.113049 -0.044602 1.639556
vn 0.950764 -0.309890 -0.004059
vt 0.666667 0.125000
v 0.114914 -0.037642 0.799111
vn 0.838147 -0.545425 -0.004651
vt 0.666667 0.166667
v 0.104127 -0.066626 0.840303
vn 0.811804 -0.583923 0.002839
vt 0.625000 0.125000
v 0.100001 -0.070752 0.580606
vn 0.838147 -0.545425 -0.004651
vt 0.437500 0.062500
v 0.104127 -0.066626 0.840303
vn 0.950764 -0.309890 -0.004059
vt 0.416667 0.083333
v 0.114914 -0.037642 0.799111
vn 0.950756 -0.309907 -0.004556
vt 0.416667 0.041667
v 0.111584 -0.050071 0.949556
vn 0.707107 -0.707107 -0.000000
vt 0.625000 0.083333
v 0.085347 -0.085406 1.239071
vn 0.572935 -0.819595 0.003081
vt 0.625000 0.125000
v 0.066134 -0.104619 1.390951
vn 0.500000 -0.866026 -0.000019
vt 0.583333 0.083333
v 0.062500 -0.108253 1.100000
vn 0.579118 -0.815242 -0.001852
vt 0.625000 0.083333
v 0.069768 -0.100985 1.681902
vn 0.348046 -0.937472 -0.003287
vt 0.666667 0.083333
v 0.053151 -0.110758 1.924546
vn 0.340948 -0.940081 0.001599
vt 0.625000 0.125000
v 0.043802 -0.113263 1.649091
vn 0.348046 -0.937472 -0.003287
vt 0.437500 0.020833
v 0.053151 -0.110758 1.924546
vn 0.579118 -0.815242 -0.001852
vt 0.416667 0.041667
v 0.069768 -0.100985 1.681902
vn 0.578824 -0.815446 -0.003320
vt 0.416667 0.000000
v 0.066134 -0.104619 1.940951
vn 0.584857 -0.811133 -0.002342
vt 0.666667 0.125000
v 0.070713 -0.100040 0.601455
vn 0.354717 -0.934967 -0.003705
vt 0.708333 0.125000
v 0.052877 -0.110832 0.829364
vn 0.345382 -0.938460 0.001880
vt 0.666667 0.166667
v 0.043254 -0.113410 0.558727
vn 0.354717 -0.934967 -0.003705
vt 0.437500 0.020833
v 0.052877 -0.110832 0.829364
vn 0.584857 -0.811133 -0.002342
vt 0.458333 0.041667
v 0.070713 -0.100040 0.601455
vn 0.584620 -0.811299 -0.003734
vt 0.416667 0.041667
v 0.066606 -0.104147 0.850727
vn -0.814824 -0.579708 -0.000616
vt 0.666667 0.125000
v -0.100790 -0.069963 1.636963
vn -0.937491 -0.347996 -0.003107
vt 0.666667 0.083333
v -0.110719 -0.053299 1.913321
vn -0.938683 -0.344780 0.000796
vt 0.708333 0.125000
v -0.113184 -0.044097 1.626642
vn -0.937491 -0.347996 -0.003107
vt 0.479167 0.062500
v -0.110719 -0.053299 1.913321
vn -0.814824 -0.579708 -0.000616
vt 0.458333 0.083333
v -0.100790 -0.069963 1.636963
vn -0.815477 -0.578781 -0.003137
vt 0.458333 0.041667
v -0.104522 -0.066232 1.918482
vn -0.866025 0.500000 0.000000
vt 0.083333 0.500000
v -0.108253 0.062500 2.475000
vn -0.866263 0.499588 -0.000767
vt 0.000000 0.500000
v -0.108253 0.062500 2.200000
vn -1.000000 0.000000 0.000000
vt 0.833333 0.916667
v -0.125000 -0.000000 3.239844
vn -0.866025 0.500000 0.000000
vt 0.833333 1.000000
v -0.108253 0.062500 3.300000
vn -1.000000 0.000000 0.000000
vt 0.041667 0.458333
v -0.125000 0.000000 1.203125
vn -0.910974 0.412462 0.001346
vt 0.083333 0.416667
v -0.109842 0.056571 1.370756
vn -0.866025 0.500000 0.000033
vt 0.083333 0.500000
v -0.108253 0.062500 1.100000
vn -0.928266 0.371916 -0.000590
vt 0.708333 0.166667
v -0.111431 0.050641 1.641512
vn -0.840138 0.542369 -0.001855
vt 0.708333 0.125000
v -0.104492 0.066262 1.915354
vn -0.797870 0.602830 0.000817
vt 0.750000 0.166667
v -0.100730 0.070023 1.630709
vn -0.840138 0.542369 -0.001855
vt 0.666667 0.166667
v -0.104492 0.066262 1.915354
vn -0.928266 0.371916 -0.000590
vt 0.708333 0.125000
v -0.111431 0.050641 1.641512
vn -0.954554 0.298034 0.001722
vt 0.708333 0.166667
v -0.114660 0.038589 1.861989
vn -0.923367 0.383917 -0.000906
vt 0.708333 0.125000
v -0.111171 0.051611 0.577907
vn -0.922854 0.385140 -0.002875
vt 0.750000 0.083333
v -0.109712 0.057055 0.838954
vn -0.791177 0.611586 -0.001251
vt 0.750000 0.125000
v -0.100001 0.070752 0.580606
vn -0.791725 0.610870 -0.002873
vt 0.500000 0.083333
v -0.104127 0.066626 0.840303
vn -0.791177 0.611586 -0.001251
vt 0.458333 0.083333
v -0.100001 0.070752 0.580606
vn -0.922854 0.385140 -0.002875
vt 0.479167 0.062500
v -0.109712 0.057055 0.838954
vn -0.707107 0.707107 0.000000
vt 0.750000 0.125000
v -0.084500 0.086253 1.237785
vn -0.559290 0.828968 0.002540
vt 0.750000 0.166667
v -0.066134 0.104619 1.390951
vn -0.499998 0.866027 -0.000053
vt 0.708333 0.125000
v -0.062500 0.108253 1.100000
vn -0.581765 0.813353 -0.002309
vt 0.708333 0.083333
v -0.069768 0.100985 1.681902
vn -0.351289 0.936262 -0.003223
vt 0.708333 0.125000
v -0.053299 0.110719 1.913321
vn -0.340036 0.940411 0.001944
vt 0.666667 0.083333
v -0.044097 0.113184 1.626642
vn -0.351289 0.936262 -0.003223
vt 0.437500 0.062500
v -0.053299 0.110719 1.913321
vn -0.581765 0.813353 -0.002309
vt 0.458333 0.083333
v -0.069768 0.100985 1.681902
vn -0.581643 0.813437 -0.003252
vt 0.416667 0.083333
v -0.066134 0.104619 1.940951
vn -0.566344 0.824167 0.001816
vt 0.000000 0.416667
v -0.070713 0.100040 0.601455
vn -0.557914 0.829886 -0.004480
vt 0.083333 0.416667
v -0.066606 0.104147 0.850727
vn -0.323741 0.946142 -0.002668
vt 0.041667 0.458333
v -0.034462 0.115766 0.650664
vn -0.324109 0.946010 -0.004407
vt 0.750000 0.083333
v -0.048481 0.112010 0.875332
vn -0.323741 0.946142 -0.002668
vt 0.708333 0.125000
v -0.034462 0.115766 0.650664
vn -0.557914 0.829886 -0.004480
vt 0.708333 0.083333
v -0.066606 0.104147 0.850727
vn 0.000000 1.000000 0.000000
vt 0.833333 1.000000
v -0.000000 0.125000 3.085156
vn 0.500063 0.865989 -0.000106
vt 0.833333 0.916667
v 0.062500 0.108253 3.300000
vn 0.500654 0.865648 0.000176
vt 0.916667 1.000000
v 0.062500 0.108253 3.025000
vn -0.000000 1.000000 0.000000
vt 0.125000 0.458333
v -0.000000 0.125000 1.203125
vn 0.412462 0.910974 0.001347
vt 0.083333 0.500000
v 0.056571 0.109842 1.370756
vn 0.500001 0.866025 0.000033
vt 0.083333 0.416667
v 0.062500 0.108253 1.100000
vn 0.371913 0.928268 -0.000562
vt 0.750000 0.125000
v 0.050641 0.111431 1.641512
vn 0.543954 0.839111 -0.002676
vt 0.791667 0.125000
v 0.066262 0.104492 1.915354
vn 0.602830 0.797869 0.000817
vt 0.750000 0.166667
v 0.070023 0.100730 1.630709
vn 0.543954 0.839111 -0.002676
vt 0.750000 0.083333
v 0.066262 0.104492 1.915354
vn 0.371913 0.928268 -0.000562
vt 0.791667 0.125000
v 0.050641 0.111431 1.641512
vn 0.383224 0.923656 0.000069
vt 0.791667 0.125000
v 0.051611 0.111171 0.577907
vn 0.385140 0.922854 -0.002875
vt 0.833333 0.166667
v 0.057055 0.109712 0.838954
vn 0.611995 0.790862 -0.000352
vt 0.791667 0.166667
v 0.070752 0.100001 0.580606
vn 0.610870 0.791726 -0.002873
vt 0.458333 0.041667
v 0.066626 0.104127 0.840303
vn 0.611995 0.790862 -0.000352
vt 0.458333 0.083333
v 0.070752 0.100001 0.580606
vn 0.385140 0.922854 -0.002875
vt 0.437500 0.062500
v 0.057055 0.109712 0.838954
vn 0.887495 0.460815 0.001594
vt 0.750000 0.166667
v 0.109591 0.057507 3.048358
vn 0.924730 0.380621 0.001531
vt 0.791667 0.125000
v 0.110929 0.052515 2.796716
vn 0.887495 0.460815 0.001594
vt 0.833333 0.125000
v 0.109591 0.057507 3.048358
vn 0.787913 0.615783 -0.001954
vt 0.791667 0.125000
v 0.100649 0.070105 2.840835
vn 0.729755 0.683702 -0.003153
vt 0.833333 0.083333
v 0.089033 0.081590 3.102755
vn 0.707107 0.707107 0.000000
vt 0.833333 0.125000
v 0.086253 0.084500 1.237785
vn 0.819794 0.572658 0.000639
vt 0.833333 0.166667
v 0.104619 0.066134 1.390951
vn 0.866026 0.499998 -0.000037
vt 0.791667 0.125000
v 0.108253 0.062500 1.100000
vn 0.805994 0.591919 0.002334
vt 0.791667 0.125000
v 0.100985 0.069768 1.681902
vn 0.834709 0.550677 -0.003985
vt 0.750000 0.083333
v 0.104619 0.066134 1.940951
vn 0.948803 0.315844 -0.003787
vt 0.791667 0.083333
v 0.112842 0.045373 1.930025
vn 0.807052 0.590475 0.002504
vt 0.833333 0.083333
v 0.100040 0.070713 0.601455
vn 0.827566 0.561351 -0.004386
vt 0.791667 0.125000
v 0.104147 0.066606 0.850727
vn 0.944669 0.328003 -0.003800
vt 0.791667 0.083333
v 0.113582 0.042611 0.755000
vn 0.944658 0.328030 -0.004318
vt 0.500000 0.041667
v 0.110918 0.052556 0.927500
vn 0.944669 0.328003 -0.003800
vt 0.458333 0.041667
v 0.113582 0.042611 0.755000
vn 0.827566 0.561351 -0.004386
vt 0.479167 0.020833
v 0.104147 0.066606 0.850727
vn 1.000000 0.000000 -0.000000
vt 0.833333 0.916667
v 0.125000 -0.000000 4.125000
vn 1.000000 -0.000000 -0.000000
vt 0.916667 0.916667
v 0.125000 -0.000000 4.400000
vn 1.000000 -0.000000 0.000000
vt 0.125000 0.458333
v 0.125000 0.000000 0.206250
vn 0.935280 -0.353893 0.003213
vt 0.166667 0.500000
v 0.109918 -0.056285 0.199778
vn 1.000000 0.000000 0.000000
vt 0.166667 0.500000
v 0.125000 0.000000 0.618750
vn 1.000000 0.000000 0.000000
vt 0.166667 0.416667
v 0.125000 0.000000 0.412500
vn 0.950764 -0.309890 -0.004059
vt 0.083333 0.416667
v 0.114914 -0.037642 0.799111
vn 0.935280 -0.353893 0.003213
vt 0.166667 0.416667
v 0.113249 -0.043857 0.599333
vn 1.000000 0.000000 0.000000
vt 0.125000 0.458333
v 0.125000 0.000000 0.618750
vn 0.935280 -0.353893 0.003213
vt 0.833333 0.125000
v 0.111584 -0.050071 0.399556
vn 0.811804 -0.583923 0.002839
vt 0.875000 0.125000
v 0.100001 -0.070752 0.580606
vn 0.811816 -0.583905 0.003239
vt 0.833333 0.166667
v 0.104127 -0.066626 0.290303
vn 0.811804 -0.583923 0.002839
vt 0.833333 0.125000
v 0.100001 -0.070752 0.580606
vn 0.935280 -0.353893 0.003213
vt 0.833333 0.083333
v 0.111584 -0.050071 0.399556
vn 0.935280 -0.353893 0.003213
vt 0.875000 0.125000
v 0.113249 -0.043857 0.599333
vn 0.936754 -0.349973 0.003283
vt 0.479167 0.020833
v 0.110651 -0.053551 1.369778
vn 0.813550 -0.581495 0.000714
vt 0.500000 0.000000
v 0.100730 -0.070023 1.630709
vn 0.814253 -0.580500 0.003313
vt 0.500000 0.041667
v 0.104492 -0.066261 1.365354
vn 0.813550 -0.581495 0.000714
vt 0.875000 0.166667
v 0.100730 -0.070023 1.630709
vn 0.936754 -0.349973 0.003283
vt 0.875000 0.125000
v 0.110651 -0.053551 1.369778
vn 0.937890 -0.346934 -0.000266
vt 0.916667 0.166667
v 0.113049 -0.044602 1.639556
vn 0.838147 -0.545425 -0.004651
vt 0.833333 0.166667
v 0.104127 -0.066626 0.840303
vn 0.866027 -0.499997 -0.000101
vt 0.875000 0.125000
v 0.108253 -0.062500 1.100000
vn 0.707107 -0.707107 -0.000000
vt 0.875000 0.166667
v 0.087426 -0.083327 0.848120
vn 0.707107 -0.707107 -0.000000
vt 0.166667 0.416667
v 0.085347 -0.085406 1.239071
vn 0.500000 -0.866026 -0.000019
vt 0.208333 0.458333
v 0.062500 -0.108253 1.100000
vn 0.500000 -0.866026 -0.000057
vt 0.208333 0.458333
v 0.062500 -0.108253 2.200000
vn 0.866026 -0.499998 -0.000116
vt 0.250000 0.500000
v 0.108253 -0.062500 2.200000
vn 0.500000 -0.866025 -0.000000
vt 0.166667 0.500000
v 0.062500 -0.108253 2.475000
vn 0.500000 -0.866025 -0.000000
vt 0.916667 0.916667
v 0.062500 -0.108253 3.300000
vn 0.866025 -0.500000 -0.000000
vt 1.000000 1.000000
v 0.108253 -0.062500 3.575000
vn 0.500000 -0.866025 -0.000000
vt 0.916667 1.000000
v 0.062500 -0.108253 3.575000
vn 0.500000 -0.866025 -0.000000
vt 0.250000 0.500000
v 0.062500 -0.108253 4.125000
vn 0.500000 -0.866025 -0.000000
vt 0.208333 0.458333
v 0.062500 -0.108253 3.850000
vn 0.866025 -0.500000 -0.000000
vt 0.250000 0.416667
v 0.108253 -0.062500 3.850000
vn 0.500000 -0.866025 -0.000000
vt 1.000000 0.916667
v 0.062500 -0.108253 2.475000
vn 0.866025 -0.500000 -0.000000
vt 1.000000 1.000000
v 0.108253 -0.062500 2.475000
vn 0.500000 -0.866025 -0.000000
vt 0.916667 0.916667
v 0.062500 -0.108253 2.750000
vn 0.500000 -0.866025 -0.000000
vt 0.000000 0.916667
v 0.062500 -0.108253 4.400000
vn 0.500000 -0.866025 -0.000000
vt 0.000000 0.833333
v 0.062500 -0.108253 4.125000
vn 0.866025 -0.500000 -0.000000
vt 0.083333 0.916667
v 0.108253 -0.062500 4.400000
vn 0.500000 -0.866025 -0.000000
vt 0.166667 0.416667
v 0.062500 -0.108253 3.575000
vn 0.500000 -0.866025 -0.000000
vt 0.000000 0.833333
v 0.062500 -0.108253 3.025000
vn 0.866025 -0.500000 -0.000000
vt 0.083333 0.833333
v 0.108253 -0.062500 3.025000
vn 0.866025 -0.500000 -0.000000
vt 0.083333 0.916667
v 0.108253 -0.062500 3.300000
vn 0.707107 -0.707107 -0.000000
vt 0.916667 0.125000
v 0.084578 -0.086176 0.387614
vn 0.811816 -0.583905 0.003239
vt 0.875000 0.125000
v 0.104127 -0.066626 0.290303
vn 0.811804 -0.583923 0.002839
vt 0.916667 0.083333
v 0.100001 -0.070752 0.580606
vn 0.576741 -0.816921 0.003280
vt 0.916667 0.166667
v 0.068660 -0.102093 0.451091
vn 0.576741 -0.816920 0.003280
vt 0.875000 0.125000
v 0.065580 -0.105173 0.225545
vn 0.576741 -0.816920 0.003280
vt 0.500000 0.041667
v 0.065580 -0.105173 0.225545
vn 0.576741 -0.816921 0.003280
vt 0.500000 0.083333
v 0.068660 -0.102093 0.451091
vn 0.345652 -0.938357 0.003245
vt 0.479167 0.062500
v 0.052877 -0.110832 0.279364
vn 0.345382 -0.938460 0.001880
vt 0.875000 0.125000
v 0.043254 -0.113410 0.558727
vn 0.345652 -0.938357 0.003245
vt 0.833333 0.083333
v 0.052877 -0.110832 0.279364
vn 0.576741 -0.816921 0.003280
vt 0.875000 0.083333
v 0.068660 -0.102093 0.451091
vn 0.572935 -0.819595 0.003081
vt 0.458333 0.041667
v 0.066134 -0.104619 1.390951
vn 0.579118 -0.815242 -0.001852
vt 0.500000 0.041667
v 0.069768 -0.100985 1.681902
vn 0.340948 -0.940081 0.001599
vt 0.458333 0.000000
v 0.043802 -0.113263 1.649091
vn 0.341284 -0.939956 0.003045
vt 0.458333 0.041667
v 0.053151 -0.110758 1.374546
vn 0.421194 -0.906950 0.006067
vt 0.437500 0.020833
v 0.058217 -0.107405 1.524127
vn 0.341284 -0.939956 0.003045
vt 0.250000 0.500000
v 0.053151 -0.110758 1.374546
vn -0.000000 -1.000000 -0.000000
vt 0.250000 0.416667
v 0.000000 -0.125000 1.100000
vn 0.500000 -0.866026 -0.000019
vt 0.291667 0.458333
v 0.062500 -0.108253 1.100000
vn 0.500000 -0.866026 -0.000057
vt 0.333333 0.500000
v 0.062500 -0.108253 2.200000
vn 0.500000 -0.866025 -0.000000
vt 0.250000 0.500000
v 0.062500 -0.108253 2.475000
vn 0.000000 -1.000000 -0.000000
vt 0.333333 0.416667
v 0.000000 -0.125000 4.193750
vn 0.500000 -0.866025 -0.000000
vt 0.333333 0.500000
v 0.062500 -0.108253 4.400000
vn -0.000000 -1.000000 -0.000000
vt 0.333333 0.416667
v 0.000000 -0.125000 3.691016
vn 0.500000 -0.866025 -0.000000
vt 0.291667 0.458333
v 0.062500 -0.108253 3.850000
vn 0.500000 -0.866025 -0.000000
vt 0.083333 0.833333
v 0.062500 -0.108253 3.025000
vn 0.500000 -0.866025 -0.000000
vt 0.166667 0.916667
v 0.062500 -0.108253 3.300000
vn 0.499999 -0.866026 0.000113
vt 0.333333 0.500000
v 0.062500 -0.108253 0.000000
vn 0.345652 -0.938357 0.003245
vt 0.333333 0.416667
v 0.052877 -0.110832 0.279364
vn 0.000000 -1.000000 -0.000000
vt 0.375000 0.458333
v 0.000000 -0.125000 0.244922
vn -0.866025 -0.500000 -0.000000
vt 0.166667 0.916667
v -0.108253 -0.062500 4.125000
vn -0.500000 -0.866025 -0.000000
vt 0.083333 0.833333
v -0.062500 -0.108253 4.400000
vn -0.866025 -0.500000 -0.000000
vt 0.416667 0.500000
v -0.108253 -0.062500 4.125000
vn -0.866025 -0.500000 -0.000000
vt 0.333333 0.500000
v -0.108253 -0.062500 3.850000
vn -0.500000 -0.866025 -0.000000
vt 0.375000 0.458333
v -0.062500 -0.108253 3.987500
vn -0.816803 -0.576907 0.003334
vt 0.437500 0.020833
v -0.104522 -0.066232 1.368482
vn -0.938683 -0.344780 0.000796
vt 0.416667 0.000000
v -0.113184 -0.044097 1.626642
vn -0.938287 -0.345843 0.003300
vt 0.458333 0.000000
v -0.110719 -0.053299 1.363321
vn -0.938683 -0.344780 0.000796
vt 0.875000 0.083333
v -0.113184 -0.044097 1.626642
vn -0.816803 -0.576907 0.003334
vt 0.916667 0.083333
v -0.104522 -0.066232 1.368482
vn -0.814824 -0.579708 -0.000616
vt 0.875000 0.125000
v -0.100790 -0.069963 1.636963
vn -1.000000 0.000294 -0.000453
vt 0.416667 0.416667
v -0.125000 -0.000000 2.209148
vn -0.866025 -0.500000 -0.000000
vt 0.333333 0.416667
v -0.108253 -0.062500 3.575000
vn -0.866025 -0.500000 -0.000000
vt 0.416667 0.416667
v -0.108253 -0.062500 3.850000
vn -1.000000 -0.000000 -0.000000
vt 0.416667 0.500000
v -0.125000 0.000000 0.721875
vn -1.000000 -0.000000 -0.000000
vt 0.416667 0.416667
v -0.125000 0.000000 0.481250
vn -0.866025 -0.500000 -0.000000
vt 0.458333 0.458333
v -0.108253 -0.062500 0.550000
vn -1.000000 -0.000000 -0.000000
vt 0.416667 0.500000
v -0.125000 0.000000 0.240625
vn -1.000000 -0.000000 -0.000000
vt 0.500000 0.416667
v -0.125000 0.000000 0.240625
vn -0.866020 0.500009 0.000358
vt 0.500000 0.500000
v -0.108253 0.062500 0.000000
vn -0.923367 0.383917 -0.000906
vt 0.416667 0.416667
v -0.111171 0.051611 0.577907
vn -0.890766 0.454453 -0.002863
vt 0.500000 0.416667
v -0.109712 0.057055 0.288954
vn -1.000000 -0.000000 -0.000000
vt 0.458333 0.458333
v -0.125000 0.000000 0.481250
vn -0.780997 0.624531 0.002367
vt 0.500000 0.000000
v -0.100557 0.070196 0.412698
vn -0.923367 0.383917 -0.000906
vt 0.479167 0.020833
v -0.111171 0.051611 0.577907
vn -0.791177 0.611586 -0.001251
vt 0.458333 0.000000
v -0.100001 0.070752 0.580606
vn -0.923367 0.383917 -0.000906
vt 0.916667 0.166667
v -0.111171 0.051611 0.577907
vn -0.780997 0.624531 0.002367
vt 0.916667 0.125000
v -0.100557 0.070196 0.412698
vn -0.890766 0.454453 -0.002863
vt 0.958333 0.125000
v -0.109712 0.057055 0.288954
vn -0.910974 0.412462 0.001346
vt 0.479167 0.020833
v -0.109842 0.056571 1.370756
vn -0.797870 0.602830 0.000817
vt 0.458333 0.041667
v -0.100730 0.070023 1.630709
vn -0.771198 0.636590 0.002570
vt 0.458333 0.000000
v -0.101103 0.069650 1.360206
vn -0.797870 0.602830 0.000817
vt 0.916667 0.125000
v -0.100730 0.070023 1.630709
vn -0.910974 0.412462 0.001346
vt 0.916667 0.083333
v -0.109842 0.056571 1.370756
vn -0.928266 0.371916 -0.000590
vt 0.958333 0.125000
v -0.111431 0.050641 1.641512
vn -0.791725 0.610870 -0.002873
vt 0.958333 0.125000
v -0.104127 0.066626 0.840303
vn -0.866025 0.500000 0.000033
vt 1.000000 0.166667
v -0.108253 0.062500 1.100000
vn -0.707107 0.707107 0.000000
vt 0.958333 0.166667
v -0.087426 0.083327 0.848120
vn -0.707107 0.707107 0.000000
vt 0.500000 0.416667
v -0.084500 0.086253 1.237785
vn -0.499998 0.866027 -0.000053
vt 0.541667 0.458333
v -0.062500 0.108253 1.100000
vn -0.866025 0.500000 0.000033
vt 0.500000 0.500000
v -0.108253 0.062500 1.100000
vn -0.866025 0.500000 0.000000
vt 0.250000 0.833333
v -0.108253 0.062500 3.025000
vn -0.500000 0.866025 0.000000
vt 0.250000 0.916667
v -0.062500 0.108253 3.025000
vn -0.866025 0.500000 0.000000
vt 0.166667 0.833333
v -0.108253 0.062500 2.750000
vn -0.500000 0.866025 0.000000
vt 0.250000 0.833333
v -0.062500 0.108253 3.300000
vn -0.866025 0.500000 0.000000
vt 0.333333 0.916667
v -0.108253 0.062500 3.575000
vn -0.866025 0.500000 0.000000
vt 0.583333 0.500000
v -0.108253 0.062500 4.125000
vn -0.866025 0.500000 0.000000
vt 0.250000 0.833333
v -0.108253 0.062500 4.400000
vn -0.500000 0.866025 0.000000
vt 0.583333 0.416667
v -0.062500 0.108253 3.575000
vn -0.866025 0.500000 0.000000
vt 0.583333 0.500000
v -0.108253 0.062500 3.850000
vn -0.500000 0.866025 0.000000
vt 0.541667 0.458333
v -0.062500 0.108253 3.850000
vn -0.500000 0.866025 0.000000
vt 0.541667 0.458333
v -0.062500 0.108253 4.125000
vn -0.500000 0.866025 0.000000
vt 0.500000 0.416667
v -0.062500 0.108253 3.850000
vn -0.866025 0.500000 0.000000
vt 0.583333 0.416667
v -0.108253 0.062500 4.125000
vn -0.866025 0.500000 0.000000
vt 0.416667 0.916667
v -0.108253 0.062500 3.025000
vn -0.866025 0.500000 0.000000
vt 0.333333 0.916667
v -0.108253 0.062500 3.300000
vn -0.500000 0.866025 0.000000
vt 0.333333 0.833333
v -0.062500 0.108253 3.300000
vn -0.499979 0.866037 0.000520
vt 0.583333 0.416667
v -0.062500 0.108253 0.000000
vn -0.866020 0.500009 0.000358
vt 0.625000 0.458333
v -0.108253 0.062500 0.000000
vn -0.733133 0.680081 0.002549
vt 0.583333 0.500000
v -0.089252 0.081502 0.240520
vn -0.707107 0.707107 0.000000
vt 0.541667 0.041667
v -0.084981 0.085772 0.511430
vn -0.566018 0.824386 0.003528
vt 0.520833 0.062500
v -0.068660 0.102094 0.451091
vn -0.780997 0.624531 0.002367
vt 0.500000 0.041667
v -0.100557 0.070196 0.412698
vn -0.531032 0.847351 -0.000370
vt 0.583333 0.500000
v -0.065580 0.105173 0.225545
vn -0.780997 0.624531 0.002367
vt 0.625000 0.458333
v -0.100557 0.070196 0.412698
vn -0.566018 0.824386 0.003528
vt 0.666667 0.500000
v -0.068660 0.102094 0.451091
vn -0.531032 0.847351 -0.000370
vt 0.916667 0.166667
v -0.065580 0.105173 0.225545
vn -0.566018 0.824386 0.003528
vt 0.958333 0.125000
v -0.068660 0.102094 0.451091
vn -0.333368 0.942791 0.003307
vt 0.958333 0.166667
v -0.044976 0.112949 0.406665
vn -0.323741 0.946142 -0.002668
vt 0.958333 0.125000
v -0.034462 0.115766 0.650664
vn -0.333368 0.942791 0.003307
vt 1.000000 0.083333
v -0.044976 0.112949 0.406665
vn -0.566018 0.824386 0.003528
vt 1.000000 0.125000
v -0.068660 0.102094 0.451091
vn -0.559290 0.828968 0.002540
vt 0.500000 0.083333
v -0.066134 0.104619 1.390951
vn -0.581765 0.813353 -0.002309
vt 0.500000 0.041667
v -0.069768 0.100985 1.681902
vn -0.340036 0.940411 0.001944
vt 0.500000 0.041667
v -0.044097 0.113184 1.626642
vn -0.324538 0.945868 0.002966
vt 0.500000 0.000000
v -0.049609 0.111707 1.375380
vn -0.409004 0.912520 0.004858
vt 0.520833 0.020833
v -0.057443 0.107711 1.518730
vn -0.000000 1.000000 0.000000
vt 0.666667 0.500000
v -0.000000 0.125000 0.962500
vn -0.499998 0.866027 -0.000053
vt 0.625000 0.458333
v -0.062500 0.108253 1.100000
vn -0.000000 1.000000 0.000000
vt 0.666667 0.416667
v -0.000000 0.125000 1.203125
vn -0.500000 0.866025 0.000000
vt 0.666667 0.416667
v -0.062500 0.108253 2.475000
vn -0.500000 0.866026 -0.000054
vt 0.583333 0.416667
v -0.062500 0.108253 2.200000
vn -0.499979 0.866037 0.000520
vt 0.708333 0.458333
v -0.062500 0.108253 0.000000
vn -0.284223 0.958753 0.003085
vt 0.666667 0.500000
v -0.034742 0.115691 0.174556
vn 0.000000 1.000000 0.000000
vt 0.416667 0.916667
v -0.000000 0.125000 3.085156
vn 0.500063 0.865989 -0.000106
vt 0.416667 0.833333
v 0.062500 0.108253 3.300000
vn 0.383224 0.923656 0.000069
vt 0.750000 0.500000
v 0.051611 0.111171 0.577907
vn 0.384532 0.923108 0.002585
vt 0.666667 0.500000
v 0.057055 0.109712 0.288954
vn 0.000000 1.000000 0.000000
vt 0.708333 0.458333
v -0.000000 0.125000 0.481250
vn 0.384532 0.923108 0.002585
vt 0.541667 0.041667
v 0.057055 0.109712 0.288954
vn 0.383224 0.923656 0.000069
vt 0.500000 0.041667
v 0.051611 0.111171 0.577907
vn 0.610349 0.792129 0.002584
vt 0.520833 0.020833
v 0.066626 0.104127 0.290303
vn 0.611995 0.790862 -0.000352
vt 1.000000 0.166667
v 0.070752 0.100001 0.580606
vn 0.610349 0.792129 0.002584
vt 0.958333 0.125000
v 0.066626 0.104127 0.290303
vn 0.383224 0.923656 0.000069
vt 1.000000 0.125000
v 0.051611 0.111171 0.577907
vn 0.412462 0.910974 0.001347
vt 0.562500 0.062500
v 0.056571 0.109842 1.370756
vn 0.602830 0.797869 0.000817
vt 0.541667 0.083333
v 0.070023 0.100730 1.630709
vn 0.636590 0.771198 0.002570
vt 0.541667 0.041667
v 0.069650 0.101103 1.360206
vn 0.602830 0.797869 0.000817
vt 0.958333 0.083333
v 0.070023 0.100730 1.630709
vn 0.412462 0.910974 0.001347
vt 0.958333 0.125000
v 0.056571 0.109842 1.370756
vn 0.371913 0.928268 -0.000562
vt 0.916667 0.083333
v 0.050641 0.111431 1.641512
vn 0.610870 0.791726 -0.002873
vt 1.000000 0.083333
v 0.066626 0.104127 0.840303
vn 0.500001 0.866025 0.000033
vt 0.958333 0.125000
v 0.062500 0.108253 1.100000
vn 0.707107 0.707107 0.000000
vt 0.958333 0.083333
v 0.083327 0.087426 0.848120
vn 0.707107 0.707107 0.000000
vt 0.750000 0.500000
v 0.086253 0.084500 1.237785
vn 0.866026 0.499998 -0.000037
vt 0.708333 0.458333
v 0.108253 0.062500 1.100000
vn 0.500001 0.866025 0.000033
vt 0.750000 0.416667
v 0.062500 0.108253 1.100000
vn 0.866025 0.500000 0.000000
vt 0.416667 0.916667
v 0.108253 0.062500 4.148633
vn 0.729755 0.683702 -0.003153
vt 0.666667 0.416667
v 0.089033 0.081590 3.102755
vn 0.500063 0.865989 -0.000106
vt 0.750000 0.416667
v 0.062500 0.108253 3.300000
vn 0.865984 0.500071 -0.000342
vt 0.708333 0.458333
v 0.108253 0.062500 3.300000
vn 0.866025 0.500000 0.000000
vt 0.500000 0.833333
v 0.108253 0.062500 3.532031
vn 0.500063 0.865989 -0.000106
vt 0.500000 0.916667
v 0.062500 0.108253 3.300000
vn 0.707107 0.707107 0.000000
vt 0.000000 0.041667
v 0.084881 0.085872 0.480875
vn 0.610349 0.792129 0.002584
vt 0.041667 0.041667
v 0.066626 0.104127 0.290303
vn 0.611995 0.790862 -0.000352
vt 0.000000 0.083333
v 0.070752 0.100001 0.580606
vn 0.610349 0.792129 0.002584
vt 0.000000 0.000000
v 0.066626 0.104127 0.290303
vn 0.707107 0.707107 0.000000
vt 0.041667 0.041667
v 0.084881 0.085872 0.480875
vn 0.807069 0.590450 0.002958
vt 0.000000 0.041667
v 0.102094 0.068660 0.451091
vn 0.844257 0.535935 -0.002038
vt 0.583333 0.083333
v 0.105173 0.065580 0.225545
vn 0.807069 0.590450 0.002958
vt 0.541667 0.083333
v 0.102094 0.068660 0.451091
vn 0.944669 0.328003 -0.003800
vt 0.041667 0.041667
v 0.113582 0.042611 0.755000
vn 0.932389 0.361444 0.002940
vt 0.083333 0.083333
v 0.112250 0.047583 0.566250
vn 0.807052 0.590475 0.002504
vt 0.041667 0.083333
v 0.100040 0.070713 0.601455
vn 0.819794 0.572658 0.000639
vt 0.000000 0.083333
v 0.104619 0.066134 1.390951
vn 0.805994 0.591919 0.002334
vt 0.041667 0.041667
v 0.100985 0.069768 1.681902
vn 0.931747 0.363097 0.002729
vt 0.041667 0.083333
v 0.111151 0.051686 1.561304
vn 0.948803 0.315844 -0.003787
vt 0.500000 0.083333
v 0.112842 0.045373 1.930025
vn 0.805994 0.591919 0.002334
vt 0.541667 0.083333
v 0.100985 0.069768 1.681902
vn 1.000000 0.000000 -0.000000
vt 0.750000 0.416667
v 0.125000 0.000000 0.825000
vn 0.944658 0.328030 -0.004318
vt 0.791667 0.458333
v 0.110918 0.052556 0.927500
vn 1.000000 0.000000 -0.000000
vt 0.750000 0.500000
v 0.125000 0.000000 1.031250
vn 1.000000 0.000000 0.000000
vt 0.833333 0.500000
v 0.125000 0.000000 1.237500
vn 0.866026 0.499998 -0.000037
vt 0.791667 0.458333
v 0.108253 0.062500 1.100000
vn 0.924730 0.380621 0.001531
vt 0.541667 0.041667
v 0.110929 0.052515 2.796716
vn 0.924691 0.380712 0.002039
vt 0.541667 0.083333
v 0.109925 0.056259 2.572948
vn 0.887495 0.460815 0.001594
vt 0.833333 0.416667
v 0.109591 0.057507 3.048358
vn 0.865984 0.500071 -0.000342
vt 0.833333 0.500000
v 0.108253 0.062500 3.300000
vn 1.000000 -0.000000 0.000000
vt 0.791667 0.458333
v 0.125000 -0.000000 3.196875
vn 1.000000 -0.000000 -0.000000
vt 0.750000 0.416667
v 0.125000 -0.000000 4.400000
vn 0.866025 0.500000 0.000000
vt 0.833333 0.416667
v 0.108253 0.062500 4.148633
vn 1.000000 -0.000000 0.000000
vt 0.041667 0.041667
v 0.125000 0.000000 0.206250
vn 1.000000 -0.000000 -0.000000
vt 0.083333 0.000000
v 0.125000 0.000000 0.000000
vn 0.958871 0.283825 0.003130
vt 0.083333 0.041667
v 0.115285 0.036259 0.161883
vn 0.499997 0.866027 -0.000125
vt 0.833333 0.416667
v 0.062500 0.108253 2.200000
vn 0.834709 0.550677 -0.003985
vt 0.875000 0.458333
v 0.104619 0.066134 1.940951
vn 0.543954 0.839111 -0.002676
vt 0.833333 0.500000
v 0.066262 0.104492 1.915354
vn -1.000000 -0.000000 -0.000000
vt 0.916667 0.500000
v -0.125000 0.000000 0.721875
vn -1.000000 -0.000000 0.000000
vt 0.833333 0.500000
v -0.125000 0.000000 0.962500
vn -0.922854 0.385140 -0.002875
vt 0.875000 0.458333
v -0.109712 0.057055 0.838954
vn 0.000000 1.000000 0.000000
vt 0.916667 0.416667
v -0.000000 0.125000 0.721875
vn -0.000000 1.000000 0.000000
vt 0.916667 0.500000
v -0.000000 0.125000 0.962500
vn 0.385140 0.922854 -0.002875
vt 0.875000 0.458333
v 0.057055 0.109712 0.838954
vn 1.000000 0.000000 0.000000
vt 0.916667 0.416667
v 0.125000 0.000000 1.237500
vn 0.866027 -0.499997 -0.000101
vt 0.875000 0.458333
v 0.108253 -0.062500 1.100000
vn 1.000000 0.000000 -0.000000
vt 0.833333 0.416667
v 0.125000 0.000000 1.031250
vn 0.576741 -0.816920 0.003280
vt 0.916667 0.416667
v 0.065580 -0.105173 0.225545
vn 0.499999 -0.866026 0.000113
vt 0.958333 0.458333
v 0.062500 -0.108253 0.000000
vn 0.866026 -0.500000 0.000107
vt 0.916667 0.500000
v 0.108253 -0.062500 0.000000
vn -0.938287 -0.345843 0.003300
vt 0.958333 0.458333
v -0.110719 -0.053299 1.363321
vn -1.000000 -0.000000 0.000000
vt 1.000000 0.500000
v -0.125000 0.000000 1.443750
vn -1.000000 0.000000 0.000000
vt 0.916667 0.500000
v -0.125000 0.000000 1.203125
vn 0.844257 0.535935 -0.002038
vt 1.000000 0.500000
v 0.105173 0.065580 0.225545
vn 0.866038 0.499978 0.000529
vt 0.958333 0.458333
v 0.108253 0.062500 0.000000
vn 0.500000 0.866025 0.000065
vt 1.000000 0.416667
v 0.062500 0.108253 0.000000
vn 0.947359 0.320157 0.003227
vt 0.916667 0.416667
v 0.110780 0.053070 1.283456
vn 0.931747 0.363097 0.002729
vt 1.000000 0.416667
v 0.111151 0.051686 1.561304
vn 1.000000 0.000000 -0.000000
vt 0.958333 0.458333
v 0.125000 0.000000 1.443750
vn -0.815477 -0.578781 -0.003137
vt 0.041667 0.375000
v -0.104522 -0.066232 1.918482
vn -0.928266 0.371916 -0.000590
vt 0.000000 0.416667
v -0.111431 0.050641 1.641512
vn -1.000000 -0.000000 -0.000000
vt 0.041667 0.375000
v -0.125000 0.000000 1.714453
vn -0.954554 0.298034 0.001722
vt 0.083333 0.416667
v -0.114660 0.038589 1.861989
vn -0.500000 -0.866025 -0.000000
vt 0.083333 0.416667
v -0.062500 -0.108253 2.578125
vn -0.866025 -0.500000 -0.000000
vt 0.041667 0.375000
v -0.108253 -0.062500 2.475000
vn 0.794645 0.607070 0.002226
vt 0.041667 0.375000
v 0.103281 0.067472 2.619008
vn 0.935280 -0.353893 0.003213
vt 0.083333 0.333333
v 0.109918 -0.056285 0.199778
vn 0.866026 -0.500000 0.000107
vt 0.125000 0.375000
v 0.108253 -0.062500 0.000000
vn 1.000000 -0.000000 -0.000000
vt 0.083333 0.416667
v 0.125000 0.000000 0.000000
vn 0.935280 -0.353893 0.003213
vt 0.583333 0.041667
v 0.109918 -0.056285 0.199778
vn 0.935280 -0.353893 0.003213
vt 0.541667 0.041667
v 0.111584 -0.050071 0.399556
vn 0.811816 -0.583905 0.003239
vt 0.562500 0.020833
v 0.104127 -0.066626 0.290303
vn 0.866025 -0.500000 -0.000000
vt 0.583333 0.916667
v 0.108253 -0.062500 2.750000
vn 0.866025 -0.500000 -0.000000
vt 0.500000 0.916667
v 0.108253 -0.062500 3.025000
vn 0.500000 -0.866025 -0.000000
vt 0.500000 0.833333
v 0.062500 -0.108253 3.025000
vn 0.866025 -0.500000 -0.000000
vt 0.583333 0.916667
v 0.108253 -0.062500 3.850000
vn 0.866025 -0.500000 -0.000000
vt 0.500000 0.833333
v 0.108253 -0.062500 4.400000
vn 0.500000 -0.866025 -0.000000
vt 0.583333 0.833333
v 0.062500 -0.108253 4.125000
vn -1.000000 -0.000000 0.000000
vt 0.125000 0.375000
v -0.125000 -0.000000 3.703906
vn -0.866025 0.500000 0.000000
vt 0.166667 0.416667
v -0.108253 0.062500 3.850000
vn -0.866025 0.500000 0.000000
vt 0.083333 0.416667
v -0.108253 0.062500 3.575000
vn -0.866025 0.500000 0.000000
vt 0.583333 0.916667
v -0.108253 0.062500 3.850000
vn -1.000000 -0.000000 0.000000
vt 0.583333 0.833333
v -0.125000 -0.000000 3.703906
vn -0.866025 0.500000 0.000000
vt 0.666667 0.833333
v -0.108253 0.062500 4.125000
vn -0.866025 0.500000 0.000000
vt 0.666667 0.916667
v -0.108253 0.062500 4.400000
vn -0.500000 0.866025 0.000000
vt 0.583333 0.833333
v -0.062500 0.108253 4.125000
vn -0.333368 0.942791 0.003307
vt 0.083333 0.083333
v -0.044976 0.112949 0.406665
vn -0.284223 0.958753 0.003085
vt 0.041667 0.041667
v -0.034742 0.115691 0.174556
vn -0.531032 0.847351 -0.000370
vt 0.083333 0.041667
v -0.065580 0.105173 0.225545
vn 0.000000 1.000000 0.000000
vt 0.166667 0.333333
v -0.000000 0.125000 0.481250
vn -0.000000 1.000000 0.000000
vt 0.166667 0.416667
v -0.000000 0.125000 0.240625
vn -0.333368 0.942791 0.003307
vt 0.125000 0.375000
v -0.044976 0.112949 0.406665
vn 0.500000 0.866025 0.000000
vt 0.125000 0.375000
v 0.062500 0.108253 4.116406
vn 0.866025 0.500000 0.000000
vt 0.083333 0.333333
v 0.108253 0.062500 4.148633
vn 0.932389 0.361447 0.002699
vt 0.041667 0.041667
v 0.110918 0.052556 0.377500
vn 0.958871 0.283825 0.003130
vt 0.000000 0.000000
v 0.115285 0.036259 0.161883
vn 0.844257 0.535935 -0.002038
vt 0.041667 0.000000
v 0.105173 0.065580 0.225545
vn 0.947359 0.320157 0.003227
vt 0.583333 0.041667
v 0.110780 0.053070 1.283456
vn 0.819794 0.572658 0.000639
vt 0.562500 0.020833
v 0.104619 0.066134 1.390951
vn 0.931747 0.363097 0.002729
vt 0.583333 0.000000
v 0.111151 0.051686 1.561304
vn 0.850328 0.526253 -0.000596
vt 0.041667 0.000000
v 0.105913 0.064840 2.397180
vn 0.924691 0.380712 0.002039
vt 0.083333 0.000000
v 0.109925 0.056259 2.572948
vn 0.959096 0.283078 0.001275
vt 0.041667 0.041667
v 0.115135 0.036817 2.382756
vn 0.924691 0.380712 0.002039
vt 0.562500 0.062500
v 0.109925 0.056259 2.572948
vn 0.850328 0.526253 -0.000596
vt 0.583333 0.041667
v 0.105913 0.064840 2.397180
vn 0.794645 0.607070 0.002226
vt 0.583333 0.083333
v 0.103281 0.067472 2.619008
vn 0.932389 0.361447 0.002699
vt 0.166667 0.416667
v 0.110918 0.052556 0.377500
vn 0.932389 0.361444 0.002940
vt 0.166667 0.333333
v 0.112250 0.047583 0.566250
vn 1.000000 0.000000 0.000000
vt 0.208333 0.375000
v 0.125000 0.000000 0.412500
vn 1.000000 0.000000 0.000000
vt 0.250000 0.416667
v 0.125000 0.000000 0.618750
vn 0.932389 0.361444 0.002940
vt 0.208333 0.375000
v 0.112250 0.047583 0.566250
vn -0.500000 -0.866025 -0.000000
vt 0.666667 0.916667
v -0.062500 -0.108253 2.148438
vn -0.866026 -0.500000 -0.000051
vt 0.666667 0.833333
v -0.108253 -0.062500 2.200000
vn -0.815477 -0.578781 -0.003137
vt 0.750000 0.916667
v -0.104522 -0.066232 1.918482
vn 0.840227 -0.542220 -0.004066
vt 0.250000 0.333333
v 0.104492 -0.066261 1.915354
vn 0.866026 -0.499998 -0.000116
vt 0.250000 0.416667
v 0.108253 -0.062500 2.200000
vn 0.578824 -0.815446 -0.003320
vt 0.208333 0.375000
v 0.066134 -0.104619 1.940951
vn -0.500000 -0.866025 -0.000000
vt 0.208333 0.375000
v -0.062500 -0.108253 1.632812
vn -0.500000 -0.866025 -0.000000
vt 0.166667 0.333333
v -0.062500 -0.108253 1.890625
vn -0.814824 -0.579708 -0.000616
vt 0.250000 0.333333
v -0.100790 -0.069963 1.636963
vn -0.840138 0.542369 -0.001855
vt 0.250000 0.416667
v -0.104492 0.066262 1.915354
vn -0.866263 0.499588 -0.000767
vt 0.250000 0.333333
v -0.108253 0.062500 2.200000
vn -0.581643 0.813437 -0.003252
vt 0.291667 0.375000
v -0.066134 0.104619 1.940951
vn 1.000000 -0.000000 0.000000
vt 0.291667 0.375000
v 0.125000 -0.000000 2.681250
vn 0.924691 0.380712 0.002039
vt 0.333333 0.416667
v 0.109925 0.056259 2.572948
vn 0.924730 0.380621 0.001531
vt 0.250000 0.416667
v 0.110929 0.052515 2.796716
vn 0.576741 -0.816920 0.003280
vt 0.083333 0.083333
v 0.065580 -0.105173 0.225545
vn 0.811816 -0.583905 0.003239
vt 0.083333 0.041667
v 0.104127 -0.066626 0.290303
vn 0.707107 -0.707107 -0.000000
vt 0.125000 0.041667
v 0.084578 -0.086176 0.387614
vn 0.354717 -0.934967 -0.003705
vt 0.750000 0.833333
v 0.052877 -0.110832 0.829364
vn -0.000000 -1.000000 -0.000000
vt 0.750000 0.916667
v 0.000000 -0.125000 1.100000
vn 0.000000 -1.000000 -0.000000
vt 0.666667 0.833333
v 0.000000 -0.125000 0.751338
vn -0.866025 -0.500000 -0.000000
vt 0.750000 0.833333
v -0.108253 -0.062500 3.575000
vn -0.866025 -0.500000 -0.000000
vt 0.833333 0.916667
v -0.108253 -0.062500 3.300000
vn -0.866026 -0.500000 0.000059
vt 0.291667 0.375000
v -0.108253 -0.062500 1.100000
vn -1.000000 0.000000 0.000000
vt 0.333333 0.333333
v -0.125000 0.000000 1.203125
vn -1.000000 -0.000000 0.000000
vt 0.333333 0.416667
v -0.125000 0.000000 0.962500
vn -0.733133 0.680081 0.002549
vt 0.125000 0.041667
v -0.089252 0.081502 0.240520
vn -0.499979 0.866037 0.000520
vt 0.083333 0.000000
v -0.062500 0.108253 0.000000
vn 0.807069 0.590450 0.002958
vt 0.250000 0.333333
v 0.102094 0.068660 0.451091
vn 0.844257 0.535935 -0.002038
vt 0.333333 0.333333
v 0.105173 0.065580 0.225545
vn 0.610349 0.792129 0.002584
vt 0.291667 0.375000
v 0.066626 0.104127 0.290303
vn 0.931747 0.363097 0.002729
vt 0.333333 0.416667
v 0.111151 0.051686 1.561304
vn 0.932256 0.361797 0.001345
vt 0.333333 0.333333
v 0.111764 0.048408 1.745663
vn 0.999999 0.001112 0.000597
vt 0.375000 0.375000
v 0.125000 0.000000 1.650000
vn 0.813550 -0.581495 0.000714
vt 0.125000 0.083333
v 0.100730 -0.070023 1.630709
vn 0.579118 -0.815242 -0.001852
vt 0.125000 0.041667
v 0.069768 -0.100985 1.681902
vn 0.707107 -0.707107 -0.000000
vt 0.166667 0.083333
v 0.085282 -0.085471 1.517232
vn -0.500000 -0.866025 -0.000000
vt 0.375000 0.375000
v -0.062500 -0.108253 1.890625
vn -0.815477 -0.578781 -0.003137
vt 0.416667 0.416667
v -0.104522 -0.066232 1.918482
vn -0.814824 -0.579708 -0.000616
vt 0.333333 0.416667
v -0.100790 -0.069963 1.636963
vn -0.797870 0.602830 0.000817
vt 0.125000 0.083333
v -0.100730 0.070023 1.630709
vn -0.581765 0.813353 -0.002309
vt 0.083333 0.083333
v -0.069768 0.100985 1.681902
vn -0.707107 0.707107 0.000000
vt 0.125000 0.041667
v -0.084436 0.086318 1.515946
vn 0.602830 0.797869 0.000817
vt 0.166667 0.041667
v 0.070023 0.100730 1.630709
vn 0.805994 0.591919 0.002334
vt 0.125000 0.041667
v 0.100985 0.069768 1.681902
vn 0.707107 0.707107 0.000000
vt 0.166667 0.000000
v 0.086317 0.084436 1.515946
vn 0.707107 -0.707107 0.000000
vt 0.166667 0.041667
v 0.085285 -0.085468 1.792184
vn 0.813550 -0.581495 0.000714
vt 0.166667 0.083333
v 0.100730 -0.070023 1.630709
vn 0.840227 -0.542220 -0.004066
vt 0.125000 0.041667
v 0.104492 -0.066261 1.915354
vn 0.000000 -1.000000 -0.000000
vt 0.375000 0.375000
v 0.000000 -0.125000 1.650000
vn 0.000000 -1.000000 -0.000000
vt 0.416667 0.333333
v 0.000000 -0.125000 1.375000
vn 0.340948 -0.940081 0.001599
vt 0.416667 0.416667
v 0.043802 -0.113263 1.649091
vn 0.000000 -1.000000 -0.000000
vt 0.333333 0.333333
v 0.000000 -0.125000 2.028125
vn -0.000000 -1.000000 -0.000000
vt 0.416667 0.333333
v 0.000000 -0.125000 2.260156
vn -0.500000 -0.866025 -0.000000
vt 0.375000 0.375000
v -0.062500 -0.108253 2.148438
vn -0.000000 -1.000000 -0.000000
vt 0.458333 0.375000
v 0.000000 -0.125000 2.260156
vn -0.500000 -0.866025 -0.000000
vt 0.416667 0.416667
v -0.062500 -0.108253 2.406250
vn -0.500000 -0.866025 -0.000000
vt 0.416667 0.333333
v -0.062500 -0.108253 2.148438
vn -0.500000 -0.866025 -0.000000
vt 0.458333 0.375000
v -0.062500 -0.108253 2.406250
vn -0.000000 -1.000000 -0.000000
vt 0.500000 0.416667
v 0.000000 -0.125000 2.260156
vn -0.000000 -1.000000 -0.000000
vt 0.416667 0.416667
v 0.000000 -0.125000 2.488562
vn 0.000000 -1.000000 -0.000000
vt 0.500000 0.416667
v 0.000000 -0.125000 2.028125
vn -0.500000 -0.866025 -0.000000
vt 0.458333 0.375000
v -0.062500 -0.108253 1.890625
vn 0.000000 -1.000000 -0.000000
vt 0.500000 0.333333
v 0.000000 -0.125000 1.839063
vn 0.000000 -1.000000 -0.000000
vt 0.458333 0.375000
v 0.000000 -0.125000 0.489844
vn -0.500000 -0.866025 -0.000000
vt 0.416667 0.333333
v -0.062500 -0.108253 0.687500
vn -0.500000 -0.866025 -0.000000
vt 0.833333 0.833333
v -0.062500 -0.108253 0.419669
vn -0.866025 -0.500000 -0.000000
vt 0.833333 0.916667
v -0.108253 -0.062500 0.550000
vn -0.866025 -0.500000 -0.000000
vt 0.750000 0.833333
v -0.108253 -0.062500 0.275000
vn -0.500000 -0.866025 -0.000000
vt 0.500000 0.416667
v -0.062500 -0.108253 0.687500
vn -0.500000 -0.866025 0.000000
vt 0.500000 0.333333
v -0.062500 -0.108253 0.945312
vn -0.866025 -0.500000 -0.000000
vt 0.541667 0.375000
v -0.108253 -0.062500 0.825000
vn -0.500000 -0.866025 -0.000000
vt 0.500000 0.416667
v -0.062500 -0.108253 1.203125
vn -0.866026 -0.500000 0.000059
vt 0.541667 0.375000
v -0.108253 -0.062500 1.100000
vn -0.500000 -0.866025 0.000000
vt 0.583333 0.416667
v -0.062500 -0.108253 0.945312
vn -0.866025 -0.500000 -0.000000
vt 0.583333 0.333333
v -0.108253 -0.062500 2.475000
vn -0.866026 -0.500000 -0.000051
vt 0.583333 0.416667
v -0.108253 -0.062500 2.200000
vn -0.500000 -0.866025 -0.000000
vt 0.541667 0.375000
v -0.062500 -0.108253 2.406250
vn -0.866025 0.500000 0.000000
vt 0.833333 0.916667
v -0.108253 0.062500 2.750000
vn -0.500000 0.866025 0.000000
vt 0.833333 0.833333
v -0.062500 0.108253 2.750000
vn -0.866025 0.500000 0.000000
vt 0.916667 0.916667
v -0.108253 0.062500 2.475000
vn -0.707107 0.707107 0.000000
vt 0.125000 0.000000
v -0.085285 0.085468 1.792184
vn -0.797870 0.602830 0.000817
vt 0.125000 0.041667
v -0.100730 0.070023 1.630709
vn -0.840138 0.542369 -0.001855
vt 0.083333 0.000000
v -0.104492 0.066262 1.915354
vn -0.351289 0.936262 -0.003223
vt 0.916667 0.916667
v -0.053299 0.110719 1.913321
vn -0.500000 0.866026 -0.000054
vt 0.833333 0.833333
v -0.062500 0.108253 2.200000
vn 0.707107 0.707107 0.000000
vt 0.125000 0.000000
v 0.085468 0.085285 1.792246
vn 0.602830 0.797869 0.000817
vt 0.166667 0.000000
v 0.070023 0.100730 1.630709
vn 0.543954 0.839111 -0.002676
vt 0.125000 0.041667
v 0.066262 0.104492 1.915354
vn 0.924730 0.380621 0.001531
vt 0.541667 0.375000
v 0.110929 0.052515 2.796716
vn 1.000000 -0.000000 -0.000000
vt 0.500000 0.333333
v 0.125000 -0.000000 2.964844
vn 1.000000 -0.000000 0.000000
vt 0.583333 0.333333
v 0.125000 -0.000000 2.681250
vn 0.959096 0.283078 0.001275
vt 0.166667 0.041667
v 0.115135 0.036817 2.382756
vn 1.000000 0.000000 -0.000000
vt 0.208333 0.041667
v 0.125000 -0.000000 2.475000
vn 1.000000 0.000000 0.000000
vt 0.166667 0.083333
v 0.125000 -0.000000 2.268750
vn 1.000000 -0.000000 -0.000000
vt 0.916667 0.916667
v 0.125000 -0.000000 3.480469
vn 0.866025 -0.500000 -0.000000
vt 0.916667 0.833333
v 0.108253 -0.062500 3.575000
vn 0.866025 -0.500000 -0.000000
vt 1.000000 0.916667
v 0.108253 -0.062500 3.300000
vn 1.000000 -0.000000 -0.000000
vt 1.000000 0.833333
v 0.125000 -0.000000 2.964844
vn 0.866025 -0.500000 -0.000000
vt 1.000000 0.916667
v 0.108253 -0.062500 3.025000
vn 0.866025 -0.500000 -0.000000
vt 0.916667 0.833333
v 0.108253 -0.062500 2.750000
vn 1.000000 0.000000 0.000000
vt 0.583333 0.333333
v 0.125000 -0.000000 2.268750
vn 1.000000 0.000000 -0.000000
vt 0.625000 0.375000
v 0.125000 -0.000000 2.475000
vn 0.866025 -0.500000 -0.000000
vt 0.583333 0.416667
v 0.108253 -0.062500 2.475000
vn -0.866025 -0.500000 -0.000000
vt 0.083333 0.833333
v -0.108253 -0.062500 3.025000
vn -0.866025 -0.500000 -0.000000
vt 0.000000 0.750000
v -0.108253 -0.062500 3.300000
vn -0.500000 0.866025 0.000000
vt 0.083333 0.750000
v -0.062500 0.108253 3.025000
vn -0.866025 0.500000 0.000000
vt 0.083333 0.833333
v -0.108253 0.062500 3.025000
vn -0.500000 0.866025 0.000000
vt 0.000000 0.750000
v -0.062500 0.108253 3.300000
vn -0.500000 0.866025 0.000000
vt 0.083333 0.833333
v -0.062500 0.108253 2.475000
vn -0.866025 0.500000 0.000000
vt 0.083333 0.750000
v -0.108253 0.062500 2.475000
vn -0.500000 0.866025 0.000000
vt 0.166667 0.833333
v -0.062500 0.108253 2.750000
vn 0.000000 1.000000 0.000000
vt 0.625000 0.375000
v -0.000000 0.125000 2.374871
vn 0.500000 0.866025 0.000000
vt 0.666667 0.416667
v 0.062500 0.108253 2.475000
vn 0.499997 0.866027 -0.000125
vt 0.583333 0.416667
v 0.062500 0.108253 2.200000
vn 0.500000 0.866025 -0.000000
vt 0.166667 0.833333
v 0.062500 0.108253 2.750000
vn 0.500000 0.866025 0.000000
vt 0.083333 0.750000
v 0.062500 0.108253 2.475000
vn 0.499997 0.866027 -0.000125
vt 0.666667 0.333333
v 0.062500 0.108253 2.200000
vn 0.850328 0.526253 -0.000596
vt 0.666667 0.416667
v 0.105913 0.064840 2.397180
vn 0.866030 0.499992 0.000093
vt 0.625000 0.375000
v 0.108253 0.062500 2.200000
vn 0.850328 0.526253 -0.000596
vt 0.625000 0.375000
v 0.105913 0.064840 2.397180
vn 0.499997 0.866027 -0.000125
vt 0.583333 0.333333
v 0.062500 0.108253 2.200000
vn 0.500000 0.866025 0.000000
vt 0.666667 0.333333
v 0.062500 0.108253 2.475000
vn 1.000000 -0.000000 0.000000
vt 0.166667 0.750000
v 0.125000 -0.000000 3.196875
vn 1.000000 -0.000000 -0.000000
vt 0.250000 0.833333
v 0.125000 -0.000000 3.480469
vn 0.866025 -0.500000 -0.000000
vt 0.166667 0.833333
v 0.108253 -0.062500 3.300000
vn 0.935280 -0.353893 0.003213
vt 0.666667 0.416667
v 0.113249 -0.043857 0.599333
vn 0.935280 -0.353893 0.003213
vt 0.666667 0.333333
v 0.111584 -0.050071 0.399556
vn 1.000000 0.000000 0.000000
vt 0.708333 0.375000
v 0.125000 0.000000 0.412500
vn 0.811804 -0.583923 0.002839
vt 0.208333 0.041667
v 0.100001 -0.070752 0.580606
vn 0.935280 -0.353893 0.003213
vt 0.166667 0.041667
v 0.113249 -0.043857 0.599333
vn 0.950764 -0.309890 -0.004059
vt 0.166667 0.000000
v 0.114914 -0.037642 0.799111
vn 0.866025 -0.500000 -0.000000
vt 0.166667 0.750000
v 0.108253 -0.062500 2.475000
vn 0.866025 -0.500000 -0.000000
vt 0.250000 0.750000
v 0.108253 -0.062500 2.750000
vn 0.500000 -0.866025 -0.000000
vt 0.250000 0.833333
v 0.062500 -0.108253 2.750000
vn 0.866025 -0.500000 -0.000000
vt 0.708333 0.375000
v 0.108253 -0.062500 3.575000
vn 0.866025 -0.500000 -0.000000
vt 0.750000 0.416667
v 0.108253 -0.062500 3.850000
vn 0.500000 -0.866025 -0.000000
vt 0.666667 0.416667
v 0.062500 -0.108253 3.575000
vn 0.500000 -0.866025 -0.000000
vt 0.333333 0.833333
v 0.062500 -0.108253 3.025000
vn 0.345382 -0.938460 0.001880
vt 0.208333 0.083333
v 0.043254 -0.113410 0.558727
vn 0.576741 -0.816921 0.003280
vt 0.208333 0.041667
v 0.068660 -0.102093 0.451091
vn 0.584857 -0.811133 -0.002342
vt 0.250000 0.083333
v 0.070713 -0.100040 0.601455
vn -0.000000 -1.000000 -0.000000
vt 0.750000 0.333333
v 0.000000 -0.125000 1.100000
vn 0.354717 -0.934967 -0.003705
vt 0.750000 0.416667
v 0.052877 -0.110832 0.829364
vn 0.500000 -0.866026 -0.000019
vt 0.708333 0.375000
v 0.062500 -0.108253 1.100000
vn -0.000000 -1.000000 -0.000000
vt 0.333333 0.750000
v 0.000000 -0.125000 2.488562
vn 0.500000 -0.866025 -0.000000
vt 0.333333 0.833333
v 0.062500 -0.108253 2.475000
vn 0.500000 -0.866025 -0.000000
vt 0.250000 0.750000
v 0.062500 -0.108253 2.750000
vn -0.500000 -0.866025 -0.000000
vt 0.750000 0.333333
v -0.062500 -0.108253 3.454553
vn -0.000000 -1.000000 -0.000000
vt 0.708333 0.375000
v 0.000000 -0.125000 3.691016
vn -0.500000 -0.866025 -0.000000
vt 0.666667 0.333333
v -0.062500 -0.108253 3.704712
vn -0.500000 -0.866025 -0.000000
vt 0.333333 0.750000
v -0.062500 -0.108253 3.987500
vn -0.500000 -0.866025 -0.000000
vt 0.416667 0.833333
v -0.062500 -0.108253 3.704712
vn 0.000000 -1.000000 -0.000000
vt 0.333333 0.833333
v 0.000000 -0.125000 3.913379
vn -0.000000 -1.000000 -0.000000
vt 0.750000 0.416667
v 0.000000 -0.125000 3.691016
vn 0.000000 -1.000000 -0.000000
vt 0.750000 0.333333
v 0.000000 -0.125000 3.913379
vn -0.500000 -0.866025 -0.000000
vt 0.791667 0.375000
v -0.062500 -0.108253 3.704712
vn -1.000000 -0.000000 0.000000
vt 0.416667 0.750000
v -0.125000 0.000000 0.962500
vn -0.866025 -0.500000 -0.000000
vt 0.416667 0.833333
v -0.108253 -0.062500 0.825000
vn -0.866026 -0.500000 0.000059
vt 0.333333 0.750000
v -0.108253 -0.062500 1.100000
vn -0.866025 -0.500000 -0.000000
vt 0.833333 0.416667
v -0.108253 -0.062500 3.850000
vn -0.866025 -0.500000 -0.000000
vt 0.750000 0.416667
v -0.108253 -0.062500 4.125000
vn -1.000000 -0.000000 -0.000000
vt 0.791667 0.375000
v -0.125000 -0.000000 4.105463
vn -1.000000 -0.000000 -0.000000
vt 0.833333 0.333333
v -0.125000 -0.000000 3.471875
vn -1.000000 0.000000 0.000000
vt 0.833333 0.416667
v -0.125000 -0.000000 3.239844
vn -0.866025 -0.500000 -0.000000
vt 0.791667 0.375000
v -0.108253 -0.062500 3.300000
vn -0.866025 -0.500000 -0.000000
vt 0.416667 0.750000
v -0.108253 -0.062500 2.475000
vn -0.866025 -0.500000 -0.000000
vt 0.500000 0.833333
v -0.108253 -0.062500 2.750000
vn -0.866025 -0.500000 -0.000000
vt 0.416667 0.750000
v -0.108253 -0.062500 3.025000
vn -0.866025 -0.500000 -0.000000
vt 0.583333 0.833333
v -0.108253 -0.062500 0.275000
vn -1.000000 -0.000000 -0.000000
vt 0.500000 0.833333
v -0.125000 0.000000 0.240625
vn -0.866025 -0.500000 -0.000000
vt 0.500000 0.750000
v -0.108253 -0.062500 0.000000
vn -1.000000 -0.000000 0.000000
vt 0.750000 0.333333
v -0.125000 0.000000 0.962500
vn -1.000000 -0.000000 -0.000000
vt 0.833333 0.333333
v -0.125000 0.000000 0.721875
vn -0.866025 -0.500000 -0.000000
vt 0.791667 0.375000
v -0.108253 -0.062500 0.825000
vn -0.866025 -0.500000 -0.000000
vt 0.583333 0.833333
v -0.108253 -0.062500 0.550000
vn -0.866025 -0.500000 -0.000000
vt 0.500000 0.750000
v -0.108253 -0.062500 0.825000
vn -1.000000 -0.000000 -0.000000
vt 0.583333 0.750000
v -0.125000 0.000000 0.721875
vn -1.000000 -0.000000 0.000000
vt 0.583333 0.833333
v -0.125000 -0.000000 2.978809
vn -0.866025 0.500000 0.000000
vt 0.583333 0.750000
v -0.108253 0.062500 3.025000
vn -0.866025 0.500000 0.000000
vt 0.666667 0.833333
v -0.108253 0.062500 2.750000
vn -0.866025 0.500000 0.000000
vt 0.583333 0.750000
v -0.108253 0.062500 2.475000
vn -1.000000 -0.000000 0.000000
vt 0.666667 0.750000
v -0.125000 -0.000000 2.717773
vn -1.000000 -0.000000 -0.000000
vt 0.666667 0.833333
v -0.125000 -0.000000 3.471875
vn -0.866025 0.500000 0.000000
vt 0.666667 0.750000
v -0.108253 0.062500 3.575000
vn -0.866025 0.500000 0.000000
vt 0.750000 0.833333
v -0.108253 0.062500 3.300000
vn -0.866025 0.500000 0.000000
vt 0.875000 0.375000
v -0.108253 0.062500 3.575000
vn -1.000000 -0.000000 -0.000000
vt 0.833333 0.416667
v -0.125000 -0.000000 3.471875
vn -1.000000 -0.000000 0.000000
vt 0.833333 0.333333
v -0.125000 -0.000000 3.703906
vn -0.866025 0.500000 0.000000
vt 0.833333 0.416667
v -0.108253 0.062500 3.850000
vn -1.000000 -0.000000 -0.000000
vt 0.875000 0.375000
v -0.125000 -0.000000 4.105463
vn -0.866025 0.500000 0.000000
vt 0.916667 0.416667
v -0.108253 0.062500 4.125000
vn -0.866025 0.500000 0.000000
vt 0.916667 0.333333
v -0.108253 0.062500 3.850000
vn -0.500000 0.866025 0.000000
vt 0.916667 0.416667
v -0.062500 0.108253 3.575000
vn -0.566018 0.824386 0.003528
vt 0.208333 0.041667
v -0.068660 0.102094 0.451091
vn -0.566344 0.824167 0.001816
vt 0.208333 0.083333
v -0.070713 0.100040 0.601455
vn -0.323741 0.946142 -0.002668
vt 0.166667 0.083333
v -0.034462 0.115766 0.650664
vn -0.500000 0.866025 0.000000
vt 0.833333 0.333333
v -0.062500 0.108253 3.850000
vn -0.500000 0.866025 0.000000
vt 0.916667 0.333333
v -0.062500 0.108253 4.125000
vn -0.000000 1.000000 0.000000
vt 0.750000 0.750000
v -0.000000 0.125000 3.448309
vn -0.500000 0.866025 0.000000
vt 0.750000 0.833333
v -0.062500 0.108253 3.300000
vn -0.500000 0.866025 0.000000
vt 0.666667 0.750000
v -0.062500 0.108253 3.575000
vn -0.500000 0.866025 0.000000
vt 0.750000 0.750000
v -0.062500 0.108253 2.475000
vn -0.500000 0.866025 0.000000
vt 0.833333 0.833333
v -0.062500 0.108253 2.750000
vn 0.000000 1.000000 0.000000
vt 0.750000 0.833333
v -0.000000 0.125000 2.621094
vn -0.500000 0.866025 0.000000
vt 0.750000 0.750000
v -0.062500 0.108253 3.025000
vn 0.000000 1.000000 0.000000
vt 0.916667 0.333333
v -0.000000 0.125000 2.853125
vn -0.500000 0.866025 0.000000
vt 0.958333 0.375000
v -0.062500 0.108253 3.025000
vn 0.000000 1.000000 0.000000
vt 0.916667 0.416667
v -0.000000 0.125000 3.085156
vn -0.000000 1.000000 0.000000
vt 0.958333 0.375000
v -0.000000 0.125000 0.240625
vn -0.284223 0.958753 0.003085
vt 1.000000 0.416667
v -0.034742 0.115691 0.174556
vn -0.333368 0.942791 0.003307
vt 0.916667 0.416667
v -0.044976 0.112949 0.406665
vn -0.284223 0.958753 0.003085
vt 0.250000 0.041667
v -0.034742 0.115691 0.174556
vn -0.000000 1.000000 0.000000
vt 0.208333 0.041667
v -0.000000 0.125000 0.240625
vn -0.000000 1.000000 0.000000
vt 0.250000 0.000000
v -0.000000 0.125000 0.000000
vn 0.000000 1.000000 0.000000
vt 0.250000 0.083333
v -0.000000 0.125000 0.721875
vn 0.000000 1.000000 0.000000
vt 0.208333 0.041667
v -0.000000 0.125000 0.481250
vn -0.323741 0.946142 -0.002668
vt 0.250000 0.041667
v -0.034462 0.115766 0.650664
vn 0.000000 1.000000 0.000000
vt 0.833333 0.833333
v -0.000000 0.125000 2.853125
vn 0.500654 0.865648 0.000176
vt 0.833333 0.750000
v 0.062500 0.108253 3.025000
vn 0.500000 0.866025 -0.000000
vt 0.916667 0.833333
v 0.062500 0.108253 2.750000
vn 0.500654 0.865648 0.000176
vt 0.958333 0.375000
v 0.062500 0.108253 3.025000
vn 0.000000 1.000000 0.000000
vt 1.000000 0.333333
v -0.000000 0.125000 2.853125
vn 0.000000 1.000000 0.000000
vt 1.000000 0.416667
v -0.000000 0.125000 3.085156
vn -0.000000 1.000000 0.000000
vt 0.916667 0.750000
v -0.000000 0.125000 3.448309
vn 0.500000 0.866025 0.000000
vt 0.916667 0.833333
v 0.062500 0.108253 3.575000
vn 0.500063 0.865989 -0.000106
vt 0.833333 0.750000
v 0.062500 0.108253 3.300000
vn 0.371913 0.928268 -0.000562
vt 1.000000 0.333333
v 0.050641 0.111431 1.641512
vn 0.002265 0.999997 0.000006
vt 0.958333 0.375000
v -0.000000 0.125000 1.860667
vn 0.301249 0.953545 0.001219
vt 0.916667 0.333333
v 0.041041 0.113765 1.867643
vn 0.787913 0.615783 -0.001954
vt 0.041667 0.291667
v 0.100649 0.070105 2.840835
vn 0.500000 0.866025 -0.000000
vt 0.000000 0.333333
v 0.062500 0.108253 2.750000
vn 0.500654 0.865648 0.000176
vt 0.000000 0.250000
v 0.062500 0.108253 3.025000
vn 0.807069 0.590450 0.002958
vt 0.541667 0.041667
v 0.102094 0.068660 0.451091
vn 0.807052 0.590475 0.002504
vt 0.583333 0.041667
v 0.100040 0.070713 0.601455
vn 0.932389 0.361444 0.002940
vt 0.562500 0.062500
v 0.112250 0.047583 0.566250
vn 0.932389 0.361444 0.002940
vt 0.541667 0.000000
v 0.112250 0.047583 0.566250
vn 0.932389 0.361447 0.002699
vt 0.541667 0.041667
v 0.110918 0.052556 0.377500
vn 0.807069 0.590450 0.002958
vt 0.520833 0.020833
v 0.102094 0.068660 0.451091
vn 1.000000 0.000000 -0.000000
vt 0.041667 0.291667
v 0.125000 0.000000 1.031250
vn 0.944658 0.328030 -0.004318
vt 0.083333 0.333333
v 0.110918 0.052556 0.927500
vn 0.866026 0.499998 -0.000037
vt 0.000000 0.333333
v 0.108253 0.062500 1.100000
vn 1.000000 0.000000 -0.000000
vt 0.083333 0.250000
v 0.125000 0.000000 1.443750
vn 1.000000 0.000000 0.000000
vt 0.083333 0.333333
v 0.125000 0.000000 1.237500
vn 0.947359 0.320157 0.003227
vt 0.041667 0.291667
v 0.110780 0.053070 1.283456
vn 0.924730 0.380621 0.001531
vt 0.520833 0.020833
v 0.110929 0.052515 2.796716
vn 0.794645 0.607070 0.002226
vt 0.500000 0.000000
v 0.103281 0.067472 2.619008
vn 0.787913 0.615783 -0.001954
vt 0.541667 0.000000
v 0.100649 0.070105 2.840835
vn 0.866038 0.499978 0.000529
vt 0.041667 0.291667
v 0.108253 0.062500 0.000000
vn 0.958871 0.283825 0.003130
vt 0.000000 0.250000
v 0.115285 0.036259 0.161883
vn 1.000000 -0.000000 -0.000000
vt 0.083333 0.250000
v 0.125000 0.000000 0.000000
vn 1.000000 0.000000 0.000000
vt 0.083333 0.333333
v 0.125000 0.000000 0.412500
vn 1.000000 -0.000000 0.000000
vt 0.083333 0.250000
v 0.125000 0.000000 0.206250
vn 0.932389 0.361447 0.002699
vt 0.125000 0.291667
v 0.110918 0.052556 0.377500
vn 0.958871 0.283825 0.003130
vt 0.208333 0.041667
v 0.115285 0.036259 0.161883
vn 0.932389 0.361447 0.002699
vt 0.166667 0.000000
v 0.110918 0.052556 0.377500
vn 1.000000 -0.000000 0.000000
vt 0.208333 0.000000
v 0.125000 0.000000 0.206250
vn 1.000000 0.000000 -0.000000
vt 0.166667 0.333333
v 0.125000 0.000000 0.825000
vn 1.000000 0.000000 0.000000
vt 0.083333 0.333333
v 0.125000 0.000000 0.618750
vn 0.944669 0.328003 -0.003800
vt 0.125000 0.291667
v 0.113582 0.042611 0.755000
vn 0.000000 -1.000000 -0.000000
vt 0.166667 0.333333
v 0.000000 -0.125000 1.839063
vn 0.348046 -0.937472 -0.003287
vt 0.125000 0.291667
v 0.053151 -0.110758 1.924546
vn 0.000000 -1.000000 -0.000000
vt 0.166667 0.250000
v 0.000000 -0.125000 2.028125
vn 0.500000 -0.866025 -0.000000
vt 0.166667 0.250000
v 0.062500 -0.108253 4.125000
vn 0.000000 -1.000000 -0.000000
vt 0.125000 0.291667
v 0.000000 -0.125000 3.913379
vn 0.500000 -0.866025 -0.000000
vt 0.083333 0.250000
v 0.062500 -0.108253 3.850000
vn -1.000000 -0.000000 -0.000000
vt 0.916667 0.833333
v -0.125000 0.000000 0.481250
vn -0.866025 -0.500000 -0.000000
vt 0.916667 0.750000
v -0.108253 -0.062500 0.275000
vn -0.866025 -0.500000 -0.000000
vt 1.000000 0.833333
v -0.108253 -0.062500 0.550000
vn 0.866026 -0.499998 -0.000116
vt 0.166667 0.250000
v 0.108253 -0.062500 2.200000
vn 0.500000 -0.866026 -0.000057
vt 0.208333 0.291667
v 0.062500 -0.108253 2.200000
vn 0.578824 -0.815446 -0.003320
vt 0.166667 0.333333
v 0.066134 -0.104619 1.940951
vn -0.866263 0.499588 -0.000767
vt 0.166667 0.333333
v -0.108253 0.062500 2.200000
vn -0.500000 0.866026 -0.000054
vt 0.208333 0.291667
v -0.062500 0.108253 2.200000
vn -0.581643 0.813437 -0.003252
vt 0.250000 0.333333
v -0.066134 0.104619 1.940951
vn -0.000000 -1.000000 -0.000000
vt 0.250000 0.250000
v 0.000000 -0.125000 2.260156
vn 0.000000 -1.000000 -0.000000
vt 0.250000 0.333333
v 0.000000 -0.125000 2.028125
vn -0.000000 -1.000000 -0.000000
vt 0.208333 0.291667
v 0.000000 -0.125000 2.488562
vn -0.500000 -0.866025 -0.000000
vt 0.166667 0.250000
v -0.062500 -0.108253 2.578125
vn -0.500000 -0.866025 -0.000000
vt 0.250000 0.250000
v -0.062500 -0.108253 2.406250
vn -0.500000 -0.866025 -0.000000
vt 0.250000 0.250000
v -0.062500 -0.108253 1.890625
vn 0.000000 -1.000000 -0.000000
vt 0.291667 0.291667
v 0.000000 -0.125000 2.028125
vn -0.500000 -0.866025 -0.000000
vt 0.250000 0.333333
v -0.062500 -0.108253 2.148438
vn -0.000000 -1.000000 -0.000000
vt 0.291667 0.291667
v 0.000000 -0.125000 1.100000
vn -0.500000 -0.866025 -0.000000
vt 0.333333 0.333333
v -0.062500 -0.108253 1.203125
vn -0.500000 -0.866025 0.000000
vt 0.250000 0.333333
v -0.062500 -0.108253 0.945312
vn -0.866025 -0.500000 -0.000000
vt 0.291667 0.291667
v -0.108253 -0.062500 2.750000
vn -0.500000 -0.866025 -0.000000
vt 0.333333 0.250000
v -0.062500 -0.108253 2.578125
vn -0.500000 -0.866025 -0.000000
vt 0.333333 0.333333
v -0.062500 -0.108253 2.827344
vn -0.500000 -0.866025 -0.000000
vt 1.000000 0.833333
v -0.062500 -0.108253 2.827344
vn -0.500000 -0.866025 -0.000000
vt 0.916667 0.750000
v -0.062500 -0.108253 3.185748
vn -0.866025 -0.500000 -0.000000
vt 1.000000 0.750000
v -0.108253 -0.062500 3.025000
vn -0.866025 -0.500000 -0.000000
vt 0.083333 0.750000
v -0.108253 -0.062500 0.275000
vn -0.866025 -0.500000 -0.000000
vt 0.000000 0.750000
v -0.108253 -0.062500 0.000000
vn -0.866025 -0.500000 -0.000000
vt 0.083333 0.666667
v -0.108253 -0.062500 0.275000
vn -0.500000 -0.866025 -0.000000
vt 0.083333 0.750000
v -0.062500 -0.108253 0.000000
vn -0.500000 -0.866025 -0.000000
vt 0.000000 0.666667
v -0.062500 -0.108253 0.419669
vn -0.866025 -0.500000 -0.000000
vt 0.291667 0.291667
v -0.108253 -0.062500 3.575000
vn -1.000000 -0.000000 0.000000
vt 0.250000 0.250000
v -0.125000 -0.000000 3.703906
vn -1.000000 -0.000000 -0.000000
vt 0.333333 0.250000
v -0.125000 -0.000000 3.471875
vn -1.000000 0.000000 0.000000
vt 0.333333 0.333333
v -0.125000 -0.000000 3.239844
vn -0.866025 0.500000 0.000000
vt 0.375000 0.291667
v -0.108253 0.062500 3.300000
vn -0.500000 0.866025 0.000000
vt 0.416667 0.333333
v -0.062500 0.108253 3.575000
vn -0.500000 0.866025 0.000000
vt 0.333333 0.333333
v -0.062500 0.108253 3.850000
vn 0.000000 1.000000 0.000000
vt 0.416667 0.333333
v -0.000000 0.125000 2.621094
vn -0.500000 0.866025 0.000000
vt 0.375000 0.291667
v -0.062500 0.108253 2.750000
vn 0.000000 1.000000 0.000000
vt 0.416667 0.250000
v -0.000000 0.125000 2.853125
vn 0.000000 1.000000 0.000000
vt 0.333333 0.250000
v -0.000000 0.125000 2.621094
vn 0.500000 0.866025 -0.000000
vt 0.375000 0.291667
v 0.062500 0.108253 2.750000
vn -0.500000 -0.866025 -0.000000
vt 0.083333 0.750000
v -0.062500 -0.108253 2.578125
vn -0.866025 -0.500000 -0.000000
vt 0.083333 0.666667
v -0.108253 -0.062500 2.750000
vn -0.866025 -0.500000 -0.000000
vt 0.166667 0.750000
v -0.108253 -0.062500 2.475000
vn 0.866025 0.500000 0.000000
vt 0.416667 0.333333
v 0.108253 0.062500 4.148633
vn 0.500000 0.866025 0.000000
vt 0.416667 0.250000
v 0.062500 0.108253 4.400000
vn 0.866025 0.500000 0.000000
vt 0.458333 0.291667
v 0.108253 0.062500 4.400000
vn -0.000000 -1.000000 -0.000000
vt 0.458333 0.291667
v 0.000000 -0.125000 3.263057
vn -0.500000 -0.866025 -0.000000
vt 0.500000 0.333333
v -0.062500 -0.108253 3.454553
vn -0.500000 -0.866025 -0.000000
vt 0.416667 0.333333
v -0.062500 -0.108253 3.185748
vn 0.000000 -1.000000 -0.000000
vt 0.500000 0.333333
v 0.000000 -0.125000 1.650000
vn -0.500000 -0.866025 -0.000000
vt 0.458333 0.291667
v -0.062500 -0.108253 1.632812
vn -0.500000 -0.866025 -0.000000
vt 0.500000 0.250000
v -0.062500 -0.108253 1.375000
vn -0.500000 -0.866025 -0.000000
vt 0.500000 0.250000
v -0.062500 -0.108253 1.632812
vn 0.000000 -1.000000 -0.000000
vt 0.458333 0.291667
v 0.000000 -0.125000 1.839063
vn -0.500000 -0.866025 -0.000000
vt 0.416667 0.250000
v -0.062500 -0.108253 1.890625
vn 0.000000 -1.000000 -0.000000
vt 0.500000 0.333333
v 0.000000 -0.125000 1.839063
vn 0.000000 -1.000000 -0.000000
vt 0.541667 0.291667
v 0.000000 -0.125000 1.650000
vn 0.000000 -1.000000 -0.000000
vt 0.541667 0.291667
v 0.000000 -0.125000 0.751338
vn -0.500000 -0.866025 0.000000
vt 0.583333 0.333333
v -0.062500 -0.108253 0.945312
vn -0.500000 -0.866025 -0.000000
vt 0.500000 0.333333
v -0.062500 -0.108253 0.687500
vn -0.500000 -0.866025 -0.000000
vt 0.583333 0.250000
v -0.062500 -0.108253 2.148438
vn -0.500000 -0.866025 -0.000000
vt 0.583333 0.333333
v -0.062500 -0.108253 2.406250
vn -0.866026 -0.500000 -0.000051
vt 0.541667 0.291667
v -0.108253 -0.062500 2.200000
vn -1.000000 -0.000000 0.000000
vt 0.166667 0.750000
v -0.125000 -0.000000 4.400000
vn -0.866025 -0.500000 -0.000000
vt 0.083333 0.666667
v -0.108253 -0.062500 4.125000
vn -0.866025 -0.500000 -0.000000
vt 0.166667 0.666667
v -0.108253 -0.062500 4.400000
vn -0.866025 -0.500000 -0.000000
vt 0.166667 0.750000
v -0.108253 -0.062500 4.125000
vn -1.000000 -0.000000 0.000000
vt 0.166667 0.666667
v -0.125000 -0.000000 4.400000
vn -1.000000 -0.000000 -0.000000
vt 0.250000 0.750000
v -0.125000 -0.000000 4.105463
vn -0.500000 0.866025 0.000000
vt 0.166667 0.666667
v -0.062500 0.108253 4.125000
vn -0.500000 0.866025 0.000000
vt 0.250000 0.666667
v -0.062500 0.108253 4.400000
vn -0.500000 0.866025 0.000000
vt 0.250000 0.750000
v -0.062500 0.108253 4.125000
vn -0.000000 1.000000 0.000000
vt 0.250000 0.666667
v -0.000000 0.125000 4.400000
vn 0.000000 1.000000 0.000000
vt 0.333333 0.750000
v -0.000000 0.125000 4.041917
vn 0.500000 0.866025 0.000000
vt 0.333333 0.666667
v 0.062500 0.108253 4.400000
vn 0.500000 0.866025 0.000000
vt 0.333333 0.750000
v 0.062500 0.108253 4.116406
vn -0.866020 0.500009 0.000358
vt 0.583333 0.250000
v -0.108253 0.062500 0.000000
vn -1.000000 -0.000000 -0.000000
vt 0.541667 0.291667
v -0.125000 0.000000 0.240625
vn -0.890766 0.454453 -0.002863
vt 0.500000 0.250000
v -0.109712 0.057055 0.288954
vn 0.000015 1.000000 -0.000008
vt 0.583333 0.250000
v -0.000000 0.125000 2.123271
vn 0.002265 0.999997 0.000006
vt 0.583333 0.333333
v -0.000000 0.125000 1.860667
vn -0.938683 -0.344780 0.000796
vt 0.625000 0.291667
v -0.113184 -0.044097 1.626642
vn -1.000000 -0.000000 -0.000000
vt 0.666667 0.333333
v -0.125000 0.000000 1.714453
vn -1.000000 -0.000000 0.000000
vt 0.583333 0.333333
v -0.125000 0.000000 1.443750
vn 0.000015 1.000000 -0.000008
vt 0.666667 0.250000
v -0.000000 0.125000 2.123271
vn 0.002265 0.999997 0.000006
vt 0.666667 0.333333
v -0.000000 0.125000 1.860667
vn -0.351289 0.936262 -0.003223
vt 0.625000 0.291667
v -0.053299 0.110719 1.913321
vn 0.500000 -0.866025 -0.000000
vt 0.625000 0.291667
v 0.062500 -0.108253 3.300000
vn -0.000000 -1.000000 -0.000000
vt 0.583333 0.250000
v 0.000000 -0.125000 3.420313
vn -0.000000 -1.000000 -0.000000
vt 0.666667 0.250000
v 0.000000 -0.125000 3.263057
vn -0.500000 -0.866025 -0.000000
vt 0.666667 0.250000
v -0.062500 -0.108253 3.704712
vn -0.866025 -0.500000 -0.000000
vt 0.708333 0.291667
v -0.108253 -0.062500 3.575000
vn -0.500000 -0.866025 -0.000000
vt 0.666667 0.333333
v -0.062500 -0.108253 3.454553
vn 0.000000 1.000000 0.000000
vt 0.708333 0.291667
v -0.000000 0.125000 4.041917
vn 0.500000 0.866025 0.000000
vt 0.750000 0.333333
v 0.062500 0.108253 4.116406
vn 0.866025 0.500000 0.000000
vt 0.750000 0.250000
v 0.108253 0.062500 3.798438
vn 0.866025 0.500000 0.000000
vt 0.750000 0.333333
v 0.108253 0.062500 3.532031
vn 0.500000 0.866025 0.000000
vt 0.708333 0.291667
v 0.062500 0.108253 3.575000
vn -0.000000 -1.000000 -0.000000
vt 0.750000 0.250000
v 0.000000 -0.125000 3.691016
vn -0.500000 -0.866025 -0.000000
vt 0.708333 0.291667
v -0.062500 -0.108253 3.454553
vn -0.000000 -1.000000 -0.000000
vt 0.666667 0.250000
v 0.000000 -0.125000 3.420313
vn 0.866025 0.500000 0.000000
vt 0.750000 0.250000
v 0.108253 0.062500 3.532031
vn 0.865984 0.500071 -0.000342
vt 0.791667 0.291667
v 0.108253 0.062500 3.300000
vn 0.500063 0.865989 -0.000106
vt 0.750000 0.333333
v 0.062500 0.108253 3.300000
vn -0.500000 -0.866025 -0.000000
vt 0.750000 0.333333
v -0.062500 -0.108253 2.578125
vn -0.000000 -1.000000 -0.000000
vt 0.791667 0.291667
v 0.000000 -0.125000 2.765912
vn -0.500000 -0.866025 -0.000000
vt 0.833333 0.333333
v -0.062500 -0.108253 2.827344
vn -1.000000 -0.000000 0.000000
vt 0.833333 0.333333
v -0.125000 -0.000000 2.978809
vn -0.866025 -0.500000 -0.000000
vt 0.791667 0.291667
v -0.108253 -0.062500 3.025000
vn -1.000000 0.000000 0.000000
vt 0.833333 0.250000
v -0.125000 -0.000000 3.239844
vn -0.866025 0.500000 0.000000
vt 0.791667 0.291667
v -0.108253 0.062500 3.025000
vn -1.000000 -0.000000 0.000000
vt 0.750000 0.250000
v -0.125000 -0.000000 2.978809
vn 0.000000 -1.000000 -0.000000
vt 0.333333 0.666667
v 0.000000 -0.125000 4.193750
vn 0.000000 -1.000000 -0.000000
vt 0.416667 0.750000
v 0.000000 -0.125000 3.913379
vn 0.500000 -0.866025 -0.000000
vt 0.333333 0.750000
v 0.062500 -0.108253 4.125000
vn 0.866025 0.500000 0.000000
vt 0.833333 0.250000
v 0.108253 0.062500 4.148633
vn 1.000000 0.000000 -0.000000
vt 0.875000 0.291667
v 0.125000 -0.000000 4.125000
vn 0.866025 0.500000 0.000000
vt 0.833333 0.333333
v 0.108253 0.062500 3.973535
vn 0.572935 -0.819595 0.003081
vt 0.625000 0.062500
v 0.066134 -0.104619 1.390951
vn 0.421194 -0.906950 0.006067
vt 0.604167 0.062500
v 0.058217 -0.107405 1.524127
vn 0.341284 -0.939956 0.003045
vt 0.625000 0.041667
v 0.053151 -0.110758 1.374546
vn 0.340948 -0.940081 0.001599
vt 0.562500 0.020833
v 0.043802 -0.113263 1.649091
vn 0.421194 -0.906950 0.006067
vt 0.541667 0.000000
v 0.058217 -0.107405 1.524127
vn 0.579118 -0.815242 -0.001852
vt 0.583333 0.000000
v 0.069768 -0.100985 1.681902
vn 0.500000 -0.866025 -0.000000
vt 0.875000 0.291667
v 0.062500 -0.108253 3.575000
vn -0.000000 -1.000000 -0.000000
vt 0.916667 0.333333
v 0.000000 -0.125000 3.691016
vn -0.000000 -1.000000 -0.000000
vt 0.833333 0.333333
v 0.000000 -0.125000 3.420313
vn -0.559290 0.828968 0.002540
vt 0.562500 0.020833
v -0.066134 0.104619 1.390951
vn -0.409004 0.912520 0.004858
vt 0.541667 0.041667
v -0.057443 0.107711 1.518730
vn -0.324538 0.945868 0.002966
vt 0.541667 0.000000
v -0.049609 0.111707 1.375380
vn -0.340036 0.940411 0.001944
vt 0.604167 0.062500
v -0.044097 0.113184 1.626642
vn -0.409004 0.912520 0.004858
vt 0.583333 0.041667
v -0.057443 0.107711 1.518730
vn -0.581765 0.813353 -0.002309
vt 0.625000 0.041667
v -0.069768 0.100985 1.681902
vn -0.500000 -0.866025 -0.000000
vt 0.416667 0.666667
v -0.062500 -0.108253 3.987500
vn -0.500000 -0.866025 -0.000000
vt 0.916667 0.250000
v -0.062500 -0.108253 4.400000
vn 0.000000 -1.000000 -0.000000
vt 0.916667 0.333333
v 0.000000 -0.125000 4.193750
vn 0.000000 -1.000000 0.000000
vt 0.875000 0.291667
v 0.000000 -0.125000 4.400000
vn -0.500000 -0.866025 -0.000000
vt 0.416667 0.666667
v -0.062500 -0.108253 3.704712
vn -0.500000 -0.866025 -0.000000
vt 0.500000 0.750000
v -0.062500 -0.108253 3.987500
vn -0.866025 -0.500000 -0.000000
vt 0.416667 0.750000
v -0.108253 -0.062500 3.850000
vn 0.865984 0.500071 -0.000342
vt 0.833333 0.250000
v 0.108253 0.062500 3.300000
vn 0.866025 0.500000 0.000000
vt 0.916667 0.250000
v 0.108253 0.062500 3.532031
vn 1.000000 -0.000000 -0.000000
vt 0.875000 0.291667
v 0.125000 -0.000000 3.480469
vn -1.000000 -0.000000 0.000000
vt 0.916667 0.250000
v -0.125000 -0.000000 2.717773
vn -0.866025 -0.500000 -0.000000
vt 0.958333 0.291667
v -0.108253 -0.062500 2.750000
vn -1.000000 -0.000000 0.000000
vt 0.916667 0.333333
v -0.125000 -0.000000 2.978809
vn -1.000000 -0.000000 0.000000
vt 1.000000 0.333333
v -0.125000 -0.000000 2.717773
vn -0.866025 0.500000 0.000000
vt 0.958333 0.291667
v -0.108253 0.062500 2.750000
vn 0.500000 0.866025 0.000000
vt 1.000000 0.333333
v 0.062500 0.108253 4.116406
vn 0.866025 0.500000 0.000000
vt 0.958333 0.291667
v 0.108253 0.062500 3.973535
vn 0.500000 0.866025 0.000000
vt 1.000000 0.250000
v 0.062500 0.108253 3.884375
vn 0.500000 0.866025 0.000000
vt 0.500000 0.750000
v 0.062500 0.108253 3.575000
vn 0.500000 0.866025 0.000000
vt 0.416667 0.666667
v 0.062500 0.108253 3.884375
vn 0.866025 0.500000 0.000000
vt 0.500000 0.666667
v 0.108253 0.062500 3.798438
vn 0.500000 -0.866025 -0.000000
vt 0.958333 0.291667
v 0.062500 -0.108253 2.475000
vn -0.000000 -1.000000 -0.000000
vt 0.916667 0.250000
v 0.000000 -0.125000 2.488562
vn -0.000000 -1.000000 -0.000000
vt 1.000000 0.250000
v 0.000000 -0.125000 2.260156
vn 0.866025 0.500000 0.000000
vt 0.041667 0.208333
v 0.108253 0.062500 3.532031
vn 1.000000 0.000000 0.000000
vt 0.000000 0.250000
v 0.125000 -0.000000 3.665235
vn 1.000000 -0.000000 -0.000000
vt 0.000000 0.166667
v 0.125000 -0.000000 3.480469
vn 0.000000 -1.000000 -0.000000
vt 0.000000 0.250000
v 0.000000 -0.125000 0.244922
vn 0.345652 -0.938357 0.003245
vt 0.041667 0.208333
v 0.052877 -0.110832 0.279364
vn 0.000000 -1.000000 -0.000000
vt 0.083333 0.250000
v 0.000000 -0.125000 0.489844
vn 1.000000 0.000000 0.000000
vt 0.083333 0.250000
v 0.125000 -0.000000 3.665235
vn 1.000000 0.000000 -0.000000
vt 0.041667 0.208333
v 0.125000 -0.000000 3.850000
vn 0.866025 -0.500000 -0.000000
vt 0.083333 0.166667
v 0.108253 -0.062500 3.850000
vn 0.500000 0.866025 0.000000
vt 0.041667 0.208333
v 0.062500 0.108253 2.475000
vn 0.794645 0.607070 0.002226
vt 0.000000 0.166667
v 0.103281 0.067472 2.619008
vn 0.850328 0.526253 -0.000596
vt 0.083333 0.166667
v 0.105913 0.064840 2.397180
vn -1.000000 0.000000 -0.000000
vt 0.125000 0.208333
v -0.125000 -0.000000 2.471240
vn -1.000000 -0.000000 0.000000
vt 0.083333 0.250000
v -0.125000 -0.000000 2.717773
vn -0.866025 0.500000 0.000000
vt 0.083333 0.166667
v -0.108253 0.062500 2.475000
vn -0.780997 0.624531 0.002367
vt 0.250000 0.000000
v -0.100557 0.070196 0.412698
vn -0.733133 0.680081 0.002549
vt 0.208333 0.041667
v -0.089252 0.081502 0.240520
vn -0.890766 0.454453 -0.002863
vt 0.208333 0.000000
v -0.109712 0.057055 0.288954
vn -0.707107 0.707107 0.000000
vt 0.604167 0.062500
v -0.084981 0.085772 0.511430
vn -0.780997 0.624531 0.002367
vt 0.583333 0.083333
v -0.100557 0.070196 0.412698
vn -0.791177 0.611586 -0.001251
vt 0.583333 0.041667
v -0.100001 0.070752 0.580606
vn 1.000000 0.000560 -0.000653
vt 0.250000 0.041667
v 0.125000 0.000000 1.856250
vn 0.951486 -0.307665 -0.004054
vt 0.291667 0.041667
v 0.113038 -0.044643 1.954323
vn 0.958185 -0.286144 0.001811
vt 0.250000 0.083333
v 0.116563 -0.031257 1.803082
vn -0.500000 -0.866025 -0.000000
vt 0.125000 0.208333
v -0.062500 -0.108253 0.419669
vn 0.000000 -1.000000 -0.000000
vt 0.166667 0.250000
v 0.000000 -0.125000 0.244922
vn -0.866025 -0.500000 -0.000000
vt 0.166667 0.166667
v -0.108253 -0.062500 2.475000
vn -1.000000 -0.000000 0.000000
vt 0.166667 0.250000
v -0.125000 -0.000000 2.717773
vn 0.000000 -1.000000 0.000000
vt 0.125000 0.208333
v 0.000000 -0.125000 0.000000
vn 0.000000 -1.000000 -0.000000
vt 0.083333 0.166667
v 0.000000 -0.125000 0.244922
vn -0.500000 -0.866025 -0.000000
vt 0.166667 0.166667
v -0.062500 -0.108253 0.000000
vn 1.000000 0.000000 0.000000
vt 0.166667 0.166667
v 0.125000 -0.000000 3.665235
vn 0.866025 0.500000 0.000000
vt 0.208333 0.208333
v 0.108253 0.062500 3.798438
vn 1.000000 0.000000 -0.000000
vt 0.166667 0.250000
v 0.125000 -0.000000 3.850000
vn 0.866025 0.500000 0.000000
vt 0.208333 0.208333
v 0.108253 0.062500 3.973535
vn 1.000000 0.000000 -0.000000
vt 0.250000 0.250000
v 0.125000 -0.000000 4.125000
vn 0.866025 0.500000 0.000000
vt 0.250000 0.250000
v 0.108253 0.062500 3.973535
vn 1.000000 0.000000 -0.000000
vt 0.208333 0.208333
v 0.125000 -0.000000 3.850000
vn 0.866025 0.500000 0.000000
vt 0.250000 0.166667
v 0.108253 0.062500 3.798438
vn 0.500000 -0.866025 -0.000000
vt 0.500000 0.750000
v 0.062500 -0.108253 2.750000
vn -0.000000 -1.000000 -0.000000
vt 0.500000 0.666667
v 0.000000 -0.125000 2.765912
vn -0.000000 -1.000000 -0.000000
vt 0.583333 0.750000
v 0.000000 -0.125000 2.488562
vn 0.000000 1.000000 0.000000
vt 0.583333 0.750000
v -0.000000 0.125000 3.732910
vn 0.000000 1.000000 0.000000
vt 0.500000 0.666667
v -0.000000 0.125000 4.041917
vn 0.500000 0.866025 0.000000
vt 0.583333 0.666667
v 0.062500 0.108253 3.884375
vn 0.865984 0.500071 -0.000342
vt 0.583333 0.750000
v 0.108253 0.062500 3.300000
vn 1.000000 -0.000000 -0.000000
vt 0.583333 0.666667
v 0.125000 -0.000000 3.480469
vn 1.000000 -0.000000 0.000000
vt 0.666667 0.750000
v 0.125000 -0.000000 3.196875
vn -0.500000 0.866025 0.000000
vt 0.666667 0.666667
v -0.062500 0.108253 3.575000
vn 0.000000 1.000000 0.000000
vt 0.666667 0.750000
v -0.000000 0.125000 3.732910
vn -0.000000 1.000000 0.000000
vt 0.583333 0.666667
v -0.000000 0.125000 3.448309
vn 0.866025 0.500000 0.000000
vt 0.166667 0.166667
v 0.108253 0.062500 3.973535
vn 0.500000 0.866025 0.000000
vt 0.208333 0.208333
v 0.062500 0.108253 3.884375
vn -0.500000 -0.866025 -0.000000
vt 0.291667 0.208333
v -0.062500 -0.108253 2.827344
vn -0.000000 -1.000000 -0.000000
vt 0.250000 0.250000
v 0.000000 -0.125000 2.765912
vn -0.500000 -0.866025 -0.000000
vt 0.333333 0.250000
v -0.062500 -0.108253 3.454553
vn -0.000000 -1.000000 -0.000000
vt 0.250000 0.250000
v 0.000000 -0.125000 3.263057
vn -0.000000 -1.000000 -0.000000
vt 0.291667 0.208333
v 0.000000 -0.125000 3.420313
vn -0.000000 -1.000000 -0.000000
vt 0.333333 0.166667
v 0.000000 -0.125000 3.020829
vn -0.000000 -1.000000 -0.000000
vt 0.333333 0.250000
v 0.000000 -0.125000 3.263057
vn -0.500000 -0.866025 -0.000000
vt 0.291667 0.208333
v -0.062500 -0.108253 3.185748
vn 0.500000 -0.866025 -0.000000
vt 0.250000 0.166667
v 0.062500 -0.108253 3.025000
vn -0.000000 -1.000000 -0.000000
vt 0.333333 0.166667
v 0.000000 -0.125000 3.263057
vn -0.000000 -1.000000 -0.000000
vt 0.291667 0.208333
v 0.000000 -0.125000 3.020829
vn 0.951486 -0.307665 -0.004054
vt 0.250000 0.041667
v 0.113038 -0.044643 1.954323
vn 0.866026 -0.499998 -0.000116
vt 0.250000 0.000000
v 0.108253 -0.062500 2.200000
vn 0.840227 -0.542220 -0.004066
vt 0.291667 0.041667
v 0.104492 -0.066261 1.915354
vn 0.951486 -0.307665 -0.004054
vt 0.333333 0.166667
v 0.113038 -0.044643 1.954323
vn 1.000000 0.000000 -0.000000
vt 0.375000 0.208333
v 0.125000 0.000000 2.062500
vn 0.866026 -0.499998 -0.000116
vt 0.333333 0.250000
v 0.108253 -0.062500 2.200000
vn 0.500000 0.866025 -0.000000
vt 0.375000 0.208333
v 0.062500 0.108253 2.750000
vn 0.787913 0.615783 -0.001954
vt 0.416667 0.250000
v 0.100649 0.070105 2.840835
vn 0.794645 0.607070 0.002226
vt 0.333333 0.250000
v 0.103281 0.067472 2.619008
vn 0.500000 -0.866025 -0.000000
vt 0.416667 0.250000
v 0.062500 -0.108253 3.025000
vn -0.000000 -1.000000 -0.000000
vt 0.375000 0.208333
v 0.000000 -0.125000 3.020829
vn -0.000000 -1.000000 -0.000000
vt 0.416667 0.166667
v 0.000000 -0.125000 2.765912
vn 0.866025 -0.500000 -0.000000
vt 0.375000 0.208333
v 0.108253 -0.062500 3.025000
vn 1.000000 -0.000000 -0.000000
vt 0.333333 0.166667
v 0.125000 -0.000000 2.964844
vn 1.000000 -0.000000 0.000000
vt 0.416667 0.166667
v 0.125000 -0.000000 3.196875
vn 0.500654 0.865648 0.000176
vt 0.458333 0.208333
v 0.062500 0.108253 3.025000
vn 0.729755 0.683702 -0.003153
vt 0.416667 0.250000
v 0.089033 0.081590 3.102755
vn 0.787913 0.615783 -0.001954
vt 0.416667 0.166667
v 0.100649 0.070105 2.840835
vn 0.840227 -0.542220 -0.004066
vt 0.604167 0.020833
v 0.104492 -0.066261 1.915354
vn 0.958185 -0.286144 0.001811
vt 0.583333 0.041667
v 0.116563 -0.031257 1.803082
vn 0.951486 -0.307665 -0.004054
vt 0.583333 0.000000
v 0.113038 -0.044643 1.954323
vn 0.932256 0.361797 0.001345
vt 0.625000 0.041667
v 0.111764 0.048408 1.745663
vn 0.931747 0.363097 0.002729
vt 0.583333 0.041667
v 0.111151 0.051686 1.561304
vn 0.805994 0.591919 0.002334
vt 0.604167 0.020833
v 0.100985 0.069768 1.681902
vn 0.932256 0.361797 0.001345
vt 0.458333 0.208333
v 0.111764 0.048408 1.745663
vn 1.000000 0.000560 -0.000653
vt 0.500000 0.250000
v 0.125000 0.000000 1.856250
vn 0.999999 0.001112 0.000597
vt 0.416667 0.250000
v 0.125000 0.000000 1.650000
vn 1.000000 0.000560 -0.000653
vt 0.458333 0.208333
v 0.125000 0.000000 1.856250
vn 0.932256 0.361797 0.001345
vt 0.500000 0.166667
v 0.111764 0.048408 1.745663
vn 0.948803 0.315844 -0.003787
vt 0.500000 0.250000
v 0.112842 0.045373 1.930025
vn 0.999999 0.001112 0.000597
vt 0.291667 0.083333
v 0.125000 0.000000 1.650000
vn 0.958185 -0.286144 0.001811
vt 0.291667 0.041667
v 0.116563 -0.031257 1.803082
vn 0.937890 -0.346934 -0.000266
vt 0.333333 0.083333
v 0.113049 -0.044602 1.639556
vn 0.958185 -0.286144 0.001811
vt 0.291667 0.083333
v 0.116563 -0.031257 1.803082
vn 0.999999 0.001112 0.000597
vt 0.250000 0.083333
v 0.125000 0.000000 1.650000
vn 1.000000 0.000560 -0.000653
vt 0.291667 0.041667
v 0.125000 0.000000 1.856250
vn 0.500000 0.866025 0.000000
vt 0.666667 0.750000
v 0.062500 0.108253 3.575000
vn -0.000000 1.000000 0.000000
vt 0.666667 0.666667
v -0.000000 0.125000 3.448309
vn 0.000000 1.000000 0.000000
vt 0.750000 0.750000
v -0.000000 0.125000 3.732910
vn 0.301249 0.953545 0.001219
vt 0.625000 0.083333
v 0.041041 0.113765 1.867643
vn 0.305256 0.952263 -0.003877
vt 0.625000 0.041667
v 0.050157 0.111557 2.039992
vn 0.543954 0.839111 -0.002676
vt 0.645833 0.062500
v 0.066262 0.104492 1.915354
vn 0.301249 0.953545 0.001219
vt 0.333333 0.041667
v 0.041041 0.113765 1.867643
vn 0.002265 0.999997 0.000006
vt 0.291667 0.041667
v -0.000000 0.125000 1.860667
vn 0.305256 0.952263 -0.003877
vt 0.333333 0.000000
v 0.050157 0.111557 2.039992
vn 0.305256 0.952263 -0.003877
vt 0.645833 0.062500
v 0.050157 0.111557 2.039992
vn 0.499997 0.866027 -0.000125
vt 0.666667 0.083333
v 0.062500 0.108253 2.200000
vn 0.543954 0.839111 -0.002676
vt 0.625000 0.083333
v 0.066262 0.104492 1.915354
vn -0.954554 0.298034 0.001722
vt 0.291667 0.041667
v -0.114660 0.038589 1.861989
vn -0.954049 0.299624 -0.003873
vt 0.333333 0.083333
v -0.111069 0.050408 2.030998
vn -0.866025 -0.500000 -0.000000
vt 0.458333 0.208333
v -0.108253 -0.062500 0.550000
vn -0.500000 -0.866025 -0.000000
vt 0.416667 0.166667
v -0.062500 -0.108253 0.419669
vn -0.500000 -0.866025 -0.000000
vt 0.500000 0.166667
v -0.062500 -0.108253 0.687500
vn 0.500000 0.866025 0.000000
vt 0.541667 0.208333
v 0.062500 0.108253 2.475000
vn 0.000000 1.000000 0.000000
vt 0.500000 0.250000
v -0.000000 0.125000 2.374871
vn 0.000000 1.000000 0.000000
vt 0.500000 0.166667
v -0.000000 0.125000 2.621094
vn -0.500000 0.866025 0.000000
vt 0.541667 0.208333
v -0.062500 0.108253 2.475000
vn 0.000000 1.000000 0.000000
vt 0.583333 0.250000
v -0.000000 0.125000 2.621094
vn -1.000000 0.000294 -0.000453
vt 0.583333 0.250000
v -0.125000 -0.000000 2.209148
vn -0.866263 0.499588 -0.000767
vt 0.541667 0.208333
v -0.108253 0.062500 2.200000
vn -0.954049 0.299624 -0.003873
vt 0.583333 0.166667
v -0.111069 0.050408 2.030998
vn -1.000000 0.000294 -0.000453
vt 0.541667 0.208333
v -0.125000 -0.000000 2.209148
vn -0.866026 -0.500000 -0.000051
vt 0.500000 0.166667
v -0.108253 -0.062500 2.200000
vn -0.866025 -0.500000 -0.000000
vt 0.583333 0.166667
v -0.108253 -0.062500 2.475000
vn -1.000000 0.000294 -0.000453
vt 0.583333 0.166667
v -0.125000 -0.000000 2.209148
vn -1.000000 0.000000 -0.000000
vt 0.625000 0.208333
v -0.125000 -0.000000 2.471240
vn -0.866025 0.500000 0.000000
vt 0.583333 0.250000
v -0.108253 0.062500 2.475000
vn 0.000000 1.000000 0.000000
vt 0.583333 0.250000
v -0.000000 0.125000 2.374871
vn 0.499997 0.866027 -0.000125
vt 0.625000 0.208333
v 0.062500 0.108253 2.200000
vn -1.000000 0.000294 -0.000453
vt 0.666667 0.166667
v -0.125000 -0.000000 2.209148
vn -0.999997 0.002530 0.000715
vt 0.666667 0.250000
v -0.125000 0.000000 1.961801
vn -0.866026 -0.500000 -0.000051
vt 0.625000 0.208333
v -0.108253 -0.062500 2.200000
vn 0.000015 1.000000 -0.000008
vt 0.666667 0.166667
v -0.000000 0.125000 2.123271
vn -0.500000 0.866026 -0.000054
vt 0.625000 0.208333
v -0.062500 0.108253 2.200000
vn 0.000000 1.000000 0.000000
vt 0.583333 0.166667
v -0.000000 0.125000 2.374871
vn 0.305256 0.952263 -0.003877
vt 0.666667 0.166667
v 0.050157 0.111557 2.039992
vn 0.000015 1.000000 -0.000008
vt 0.708333 0.208333
v -0.000000 0.125000 2.123271
vn 0.499997 0.866027 -0.000125
vt 0.666667 0.250000
v 0.062500 0.108253 2.200000
vn -0.999997 0.002530 0.000715
vt 0.666667 0.250000
v -0.125000 0.000000 1.961801
vn -0.954554 0.298034 0.001722
vt 0.708333 0.208333
v -0.114660 0.038589 1.861989
vn -1.000000 -0.000000 -0.000000
vt 0.750000 0.250000
v -0.125000 0.000000 1.714453
vn -0.999997 0.002530 0.000715
vt 0.708333 0.208333
v -0.125000 0.000000 1.961801
vn -0.937491 -0.347996 -0.003107
vt 0.750000 0.166667
v -0.110719 -0.053299 1.913321
vn -0.866026 -0.500000 -0.000051
vt 0.750000 0.250000
v -0.108253 -0.062500 2.200000
vn -0.937491 -0.347996 -0.003107
vt 0.708333 0.208333
v -0.110719 -0.053299 1.913321
vn -0.999997 0.002530 0.000715
vt 0.666667 0.166667
v -0.125000 0.000000 1.961801
vn -1.000000 -0.000000 -0.000000
vt 0.750000 0.166667
v -0.125000 0.000000 1.714453
vn -0.500000 -0.866025 0.000000
vt 0.750000 0.666667
v -0.062500 -0.108253 0.945312
vn 0.000000 -1.000000 -0.000000
vt 0.750000 0.750000
v 0.000000 -0.125000 0.751338
vn -0.000000 -1.000000 -0.000000
vt 0.666667 0.666667
v 0.000000 -0.125000 1.100000
vn -0.500000 -0.866025 -0.000000
vt 0.750000 0.666667
v -0.062500 -0.108253 3.185748
vn -0.500000 -0.866025 -0.000000
vt 0.833333 0.750000
v -0.062500 -0.108253 2.827344
vn -0.000000 -1.000000 -0.000000
vt 0.750000 0.750000
v 0.000000 -0.125000 3.020829
vn -0.000000 1.000000 0.000000
vt 0.833333 0.750000
v -0.000000 0.125000 0.000000
vn 0.384532 0.923108 0.002585
vt 0.750000 0.666667
v 0.057055 0.109712 0.288954
vn 0.500000 0.866025 0.000065
vt 0.833333 0.666667
v 0.062500 0.108253 0.000000
vn -0.954049 0.299624 -0.003873
vt 0.604167 0.062500
v -0.111069 0.050408 2.030998
vn -0.866263 0.499588 -0.000767
vt 0.625000 0.083333
v -0.108253 0.062500 2.200000
vn -0.840138 0.542369 -0.001855
vt 0.583333 0.083333
v -0.104492 0.066262 1.915354
vn -0.954049 0.299624 -0.003873
vt 0.791667 0.208333
v -0.111069 0.050408 2.030998
vn -0.999997 0.002530 0.000715
vt 0.750000 0.250000
v -0.125000 0.000000 1.961801
vn -1.000000 0.000294 -0.000453
vt 0.750000 0.166667
v -0.125000 -0.000000 2.209148
vn 0.000000 -1.000000 -0.000000
vt 0.750000 0.250000
v 0.000000 -0.125000 0.751338
vn -0.500000 -0.866025 -0.000000
vt 0.791667 0.208333
v -0.062500 -0.108253 0.687500
vn 0.000000 -1.000000 -0.000000
vt 0.833333 0.250000
v 0.000000 -0.125000 0.489844
vn 0.000000 -1.000000 -0.000000
vt 0.833333 0.166667
v 0.000000 -0.125000 0.751338
vn 0.345382 -0.938460 0.001880
vt 0.791667 0.208333
v 0.043254 -0.113410 0.558727
vn -0.500000 -0.866025 -0.000000
vt 0.750000 0.166667
v -0.062500 -0.108253 3.185748
vn -0.500000 -0.866025 -0.000000
vt 0.833333 0.166667
v -0.062500 -0.108253 3.454553
vn -0.866025 -0.500000 -0.000000
vt 0.791667 0.208333
v -0.108253 -0.062500 3.300000
vn -1.000000 -0.000000 -0.000000
vt 0.833333 0.666667
v -0.125000 -0.000000 4.105463
vn -1.000000 -0.000000 0.000000
vt 0.916667 0.750000
v -0.125000 -0.000000 4.400000
vn -0.866025 0.500000 0.000000
vt 0.833333 0.750000
v -0.108253 0.062500 4.125000
vn -0.500000 0.866025 0.000000
vt 0.916667 0.666667
v -0.062500 0.108253 3.850000
vn 0.000000 1.000000 0.000000
vt 0.916667 0.750000
v -0.000000 0.125000 4.041917
vn 0.000000 1.000000 0.000000
vt 0.833333 0.666667
v -0.000000 0.125000 3.732910
vn -0.866025 -0.500000 -0.000000
vt 0.916667 0.750000
v -0.108253 -0.062500 3.850000
vn -1.000000 -0.000000 -0.000000
vt 0.916667 0.666667
v -0.125000 -0.000000 4.105463
vn -1.000000 -0.000000 0.000000
vt 1.000000 0.750000
v -0.125000 -0.000000 3.703906
vn 0.371913 0.928268 -0.000562
vt 1.000000 0.666667
v 0.050641 0.111431 1.641512
vn -0.000000 1.000000 0.000000
vt 1.000000 0.750000
v -0.000000 0.125000 1.443750
vn 0.002265 0.999997 0.000006
vt 0.916667 0.666667
v -0.000000 0.125000 1.860667
vn -0.000000 1.000000 0.000000
vt 0.083333 0.666667
v -0.000000 0.125000 1.443750
vn -0.340036 0.940411 0.001944
vt 0.000000 0.666667
v -0.044097 0.113184 1.626642
vn 0.002265 0.999997 0.000006
vt 0.000000 0.583333
v -0.000000 0.125000 1.860667
vn -0.500000 -0.866025 -0.000000
vt 0.083333 0.666667
v -0.062500 -0.108253 0.419669
vn -0.500000 -0.866025 -0.000000
vt 0.000000 0.583333
v -0.062500 -0.108253 0.000000
vn 0.000000 -1.000000 -0.000000
vt 0.083333 0.583333
v 0.000000 -0.125000 0.244922
vn -0.500000 0.866025 0.000000
vt 0.083333 0.666667
v -0.062500 0.108253 3.300000
vn -0.000000 1.000000 0.000000
vt 0.083333 0.583333
v -0.000000 0.125000 3.448309
vn 0.000000 1.000000 0.000000
vt 0.166667 0.666667
v -0.000000 0.125000 3.085156
vn 0.000000 1.000000 0.000000
vt 0.166667 0.666667
v -0.000000 0.125000 4.041917
vn -0.000000 1.000000 0.000000
vt 0.083333 0.583333
v -0.000000 0.125000 4.400000
vn 0.500000 0.866025 0.000000
vt 0.166667 0.583333
v 0.062500 0.108253 4.116406
vn -0.500000 -0.866025 -0.000000
vt 0.166667 0.583333
v -0.062500 -0.108253 4.400000
vn -0.500000 -0.866025 -0.000000
vt 0.250000 0.666667
v -0.062500 -0.108253 3.987500
vn 0.000000 -1.000000 -0.000000
vt 0.166667 0.666667
v 0.000000 -0.125000 4.193750
vn 0.000000 1.000000 0.000000
vt 0.250000 0.583333
v -0.000000 0.125000 3.732910
vn 0.500000 0.866025 0.000000
vt 0.250000 0.666667
v 0.062500 0.108253 3.884375
vn 0.500000 0.866025 0.000000
vt 0.166667 0.583333
v 0.062500 0.108253 3.575000
vn -0.000000 1.000000 0.000000
vt 0.875000 0.208333
v -0.000000 0.125000 0.240625
vn 0.384532 0.923108 0.002585
vt 0.833333 0.250000
v 0.057055 0.109712 0.288954
vn -0.000000 1.000000 0.000000
vt 0.833333 0.166667
v -0.000000 0.125000 0.000000
vn 1.000000 0.000000 -0.000000
vt 0.250000 0.666667
v 0.125000 -0.000000 4.125000
vn 0.866025 -0.500000 -0.000000
vt 0.250000 0.583333
v 0.108253 -0.062500 4.400000
vn 0.866025 -0.500000 -0.000000
vt 0.333333 0.666667
v 0.108253 -0.062500 3.850000
# 1678 vertices, 0 vertices normals


usemtl material_0
f 1/1/1 288/288/288 4/4/4
f 336/336/336 337/337/337 5/5/5
f 338/338/338 339/339/339 6/6/6
f 1/1/1 6/6/6 7/7/7
f 336/336/336 340/340/340 8/8/8
f 338/338/338 341/341/341 9/9/9
f 342/342/342 343/343/343 10/10/10
f 342/342/342 10/10/10 11/11/11
f 344/344/344 345/345/345 12/12/12
f 342/342/342 346/346/346 13/13/13
f 342/342/342 347/347/347 14/14/14
f 342/342/342 14/14/14 348/348/348
f 2/2/2 312/312/312 15/15/15
f 349/349/349 316/316/316 312/312/312
f 350/350/350 318/318/318 351/351/351
f 352/352/352 320/320/320 353/353/353
f 354/354/354 322/322/322 355/355/355
f 350/350/350 324/324/324 322/322/322
f 356/356/356 326/326/326 324/324/324
f 354/354/354 328/328/328 326/326/326
f 357/357/357 330/330/330 328/328/328
f 352/352/352 332/332/332 358/358/358
f 354/354/354 334/334/334 359/359/359
f 360/360/360 361/361/361 362/362/362
f 194/194/194 197/197/197 35/35/35
f 55/55/55 52/52/52 94/94/94
f 58/58/58 106/106/106 95/95/95
f 47/47/47 97/97/97 250/250/250
f 63/63/63 236/236/236 98/98/98
f 66/66/66 114/114/114 99/99/99
f 69/69/69 242/242/242 100/100/100
f 191/191/191 67/67/67 277/277/277
f 72/72/72 120/120/120 101/101/101
f 175/175/175 73/73/73 90/90/90
f 103/103/103 44/44/44 126/126/126
f 53/53/53 217/217/217 56/56/56
f 107/107/107 77/77/77 96/96/96
f 180/180/180 363/363/363 244/244/244
f 110/110/110 80/80/80 164/164/164
f 81/81/81 234/234/234 62/62/62
f 111/111/111 48/48/48 130/130/130
f 115/115/115 84/84/84 169/169/169
f 85/85/85 116/116/116 364/364/364
f 86/86/86 238/238/238 68/68/68
f 117/117/117 50/50/50 133/133/133
f 122/122/122 232/232/232 124/124/124
f 39/39/39 365/365/365 233/233/233
f 34/34/34 366/366/366 132/132/132
f 28/28/28 218/218/218 220/220/220
f 139/139/139 367/367/367 368/368/368
f 369/369/369 370/370/370 371/371/371
f 32/32/32 225/225/225 227/227/227
f 149/149/149 372/372/372 373/373/373
f 156/156/156 374/374/374 375/375/375
f 93/93/93 376/376/376 49/49/49
f 268/268/268 135/135/135 377/377/377
f 214/214/214 136/136/136 378/378/378
f 379/379/379 54/54/54 137/137/137
f 125/125/125 29/29/29 108/108/108
f 380/380/380 57/57/57 140/140/140
f 247/247/247 221/221/221 141/141/141
f 127/127/127 31/31/31 142/142/142
f 381/381/381 382/382/382 146/146/146
f 128/128/128 287/287/287 92/92/92
f 383/383/383 384/384/384 147/147/147
f 226/226/226 148/148/148 145/145/145
f 129/129/129 33/33/33 150/150/150
f 385/385/385 65/65/65 386/386/386
f 387/387/387 388/388/388 152/152/152
f 389/389/389 390/390/390 153/153/153
f 391/391/391 70/70/70 155/155/155
f 392/392/392 393/393/393 394/394/394
f 395/395/395 71/71/71 157/157/157
f 196/196/196 160/160/160 159/159/159
f 396/396/396 186/186/186 397/397/397
f 398/398/398 399/399/399 231/231/231
f 290/290/290 400/400/400 161/161/161
f 401/401/401 402/402/402 403/403/403
f 404/404/404 405/405/405 406/406/406
f 219/219/219 407/407/407 408/408/408
f 204/204/204 75/75/75 409/409/409
f 292/292/292 176/176/176 162/162/162
f 410/410/410 411/411/411 412/412/412
f 78/78/78 413/413/413 30/30/30
f 17/17/17 261/261/261 202/202/202
f 203/203/203 105/105/105 199/199/199
f 414/414/414 415/415/415 258/258/258
f 163/163/163 19/19/19 205/205/205
f 60/60/60 416/416/416 417/417/417
f 418/418/418 419/419/419 420/420/420
f 166/166/166 237/237/237 183/183/183
f 421/421/421 166/166/166 167/167/167
f 302/302/302 422/422/422 168/168/168
f 423/423/423 424/424/424 425/425/425
f 426/426/426 427/427/427 428/428/428
f 83/83/83 82/82/82 429/429/429
f 304/304/304 177/177/177 189/189/189
f 430/430/430 431/431/431 432/432/432
f 433/433/433 434/434/434 435/435/435
f 283/283/283 436/436/436 437/437/437
f 190/190/190 438/438/438 171/171/171
f 243/243/243 439/439/439 172/172/172
f 308/308/308 440/440/440 173/173/173
f 441/441/441 442/442/442 443/443/443
f 444/444/444 445/445/445 446/446/446
f 88/88/88 87/87/87 447/447/447
f 310/310/310 178/178/178 192/192/192
f 448/448/448 449/449/449 179/179/179
f 450/450/450 451/451/451 452/452/452
f 453/453/453 193/193/193 454/454/454
f 119/119/119 262/262/262 455/455/455
f 102/102/102 210/210/210 314/314/314
f 195/195/195 89/89/89 456/456/456
f 27/27/27 36/36/36 457/457/457
f 458/458/458 459/459/459 460/460/460
f 461/461/461 462/462/462 463/463/463
f 181/181/181 138/138/138 464/464/464
f 465/465/465 43/43/43 201/201/201
f 466/466/466 467/467/467 468/468/468
f 469/469/469 470/470/470 471/471/471
f 472/472/472 212/212/212 473/473/473
f 474/474/474 475/475/475 476/476/476
f 477/477/477 478/478/478 479/479/479
f 97/97/97 480/480/480 481/481/481
f 223/223/223 256/256/256 482/482/482
f 483/483/483 484/484/484 485/485/485
f 486/486/486 487/487/487 488/488/488
f 489/489/489 490/490/490 491/491/491
f 492/492/492 493/493/493 494/494/494
f 494/494/494 495/495/495 496/496/496
f 497/497/497 498/498/498 499/499/499
f 500/500/500 501/501/501 502/502/502
f 503/503/503 504/504/504 505/505/505
f 506/506/506 507/507/507 104/104/104
f 508/508/508 509/509/509 510/510/510
f 511/511/511 512/512/512 76/76/76
f 513/513/513 514/514/514 515/515/515
f 516/516/516 215/215/215 517/517/517
f 45/45/45 518/518/518 519/519/519
f 520/520/520 46/46/46 521/521/521
f 294/294/294 522/522/522 267/267/267
f 109/109/109 206/206/206 79/79/79
f 523/523/523 524/524/524 525/525/525
f 235/235/235 59/59/59 526/526/526
f 527/527/527 253/253/253 528/528/528
f 529/529/529 530/530/530 531/531/531
f 532/532/532 533/533/533 112/112/112
f 224/224/224 64/64/64 61/61/61
f 534/534/534 535/535/535 536/536/536
f 429/429/429 209/209/209 537/537/537
f 538/538/538 539/539/539 271/271/271
f 540/540/540 541/541/541 542/542/542
f 543/543/543 544/544/544 545/545/545
f 546/546/546 547/547/547 541/541/541
f 548/548/548 257/257/257 549/549/549
f 550/550/550 551/551/551 552/552/552
f 553/553/553 554/554/554 118/118/118
f 555/555/555 556/556/556 557/557/557
f 558/558/558 211/211/211 559/559/559
f 560/560/560 561/561/561 562/562/562
f 563/563/563 564/564/564 121/121/121
f 565/565/565 566/566/566 567/567/567
f 568/568/568 123/123/123 569/569/569
f 570/570/570 571/571/571 572/572/572
f 198/198/198 573/573/573 37/37/37
f 91/91/91 574/574/574 575/575/575
f 576/576/576 577/577/577 578/578/578
f 254/254/254 38/38/38 579/579/579
f 580/580/580 581/581/581 582/582/582
f 583/583/583 584/584/584 585/585/585
f 586/586/586 587/587/587 588/588/588
f 200/200/200 589/589/589 40/40/40
f 590/590/590 591/591/591 592/592/592
f 593/593/593 594/594/594 595/595/595
f 596/596/596 597/597/597 41/41/41
f 598/598/598 599/599/599 42/42/42
f 600/600/600 601/601/601 42/42/42
f 602/602/602 603/603/603 604/604/604
f 605/605/605 606/606/606 607/607/607
f 608/608/608 609/609/609 610/610/610
f 611/611/611 612/612/612 613/613/613
f 182/182/182 614/614/614 248/248/248
f 615/615/615 616/616/616 617/617/617
f 143/143/143 134/134/134 618/618/618
f 619/619/619 620/620/620 592/592/592
f 621/621/621 622/622/622 623/623/623
f 624/624/624 625/625/625 626/626/626
f 627/627/627 628/628/628 629/629/629
f 51/51/51 630/630/630 275/275/275
f 213/213/213 631/631/631 632/632/632
f 633/633/633 634/634/634 635/635/635
f 74/74/74 636/636/636 637/637/637
f 158/158/158 638/638/638 639/639/639
f 640/640/640 641/641/641 642/642/642
f 643/643/643 644/644/644 187/187/187
f 645/645/645 646/646/646 647/647/647
f 648/648/648 649/649/649 650/650/650
f 651/651/651 652/652/652 278/278/278
f 653/653/653 654/654/654 655/655/655
f 656/656/656 657/657/657 658/658/658
f 659/659/659 660/660/660 661/661/661
f 662/662/662 663/663/663 664/664/664
f 665/665/665 666/666/666 667/667/667
f 668/668/668 669/669/669 670/670/670
f 671/671/671 672/672/672 673/673/673
f 674/674/674 675/675/675 676/676/676
f 677/677/677 678/678/678 679/679/679
f 680/680/680 681/681/681 282/282/282
f 682/682/682 683/683/683 188/188/188
f 684/684/684 685/685/685 686/686/686
f 687/687/687 688/688/688 689/689/689
f 690/690/690 691/691/691 692/692/692
f 693/693/693 694/694/694 695/695/695
f 696/696/696 697/697/697 698/698/698
f 699/699/699 700/700/700 701/701/701
f 702/702/702 703/703/703 704/704/704
f 705/705/705 706/706/706 707/707/707
f 708/708/708 709/709/709 710/710/710
f 711/711/711 712/712/712 713/713/713
f 714/714/714 715/715/715 716/716/716
f 717/717/717 718/718/718 719/719/719
f 720/720/720 721/721/721 722/722/722
f 723/723/723 724/724/724 131/131/131
f 725/725/725 726/726/726 727/727/727
f 728/728/728 729/729/729 730/730/730
f 266/266/266 731/731/731 732/732/732
f 733/733/733 734/734/734 735/735/735
f 736/736/736 737/737/737 738/738/738
f 739/739/739 740/740/740 741/741/741
f 742/742/742 743/743/743 744/744/744
f 745/745/745 746/746/746 747/747/747
f 16/16/16 748/748/748 749/749/749
f 3/3/3 750/750/750 751/751/751
f 752/752/752 230/230/230 753/753/753
f 754/754/754 755/755/755 756/756/756
f 757/757/757 758/758/758 759/759/759
f 760/760/760 761/761/761 762/762/762
f 763/763/763 764/764/764 765/765/765
f 766/766/766 767/767/767 768/768/768
f 769/769/769 770/770/770 771/771/771
f 772/772/772 773/773/773 474/474/474
f 774/774/774 775/775/775 776/776/776
f 777/777/777 778/778/778 779/779/779
f 780/780/780 781/781/781 782/782/782
f 783/783/783 784/784/784 785/785/785
f 786/786/786 787/787/787 788/788/788
f 789/789/789 782/782/782 781/781/781
f 790/790/790 791/791/791 792/792/792
f 793/793/793 794/794/794 795/795/795
f 793/793/793 796/796/796 797/797/797
f 798/798/798 799/799/799 800/800/800
f 801/801/801 802/802/802 803/803/803
f 804/804/804 805/805/805 263/263/263
f 806/806/806 807/807/807 808/808/808
f 809/809/809 810/810/810 811/811/811
f 812/812/812 813/813/813 246/246/246
f 814/814/814 815/815/815 18/18/18
f 816/816/816 817/817/817 269/269/269
f 818/818/818 819/819/819 274/274/274
f 820/820/820 821/821/821 822/822/822
f 20/20/20 823/823/823 824/824/824
f 825/825/825 826/826/826 827/827/827
f 828/828/828 829/829/829 830/830/830
f 831/831/831 832/832/832 833/833/833
f 222/222/222 270/270/270 834/834/834
f 835/835/835 836/836/836 251/251/251
f 837/837/837 838/838/838 839/839/839
f 840/840/840 300/300/300 298/298/298
f 22/22/22 184/184/184 21/21/21
f 300/300/300 841/841/841 842/842/842
f 843/843/843 844/844/844 845/845/845
f 846/846/846 847/847/847 848/848/848
f 849/849/849 850/850/850 851/851/851
f 852/852/852 853/853/853 854/854/854
f 855/855/855 856/856/856 857/857/857
f 858/858/858 859/859/859 860/860/860
f 861/861/861 862/862/862 863/863/863
f 864/864/864 865/865/865 866/866/866
f 867/867/867 868/868/868 208/208/208
f 869/869/869 113/113/113 144/144/144
f 23/23/23 207/207/207 870/870/870
f 871/871/871 872/872/872 873/873/873
f 874/874/874 875/875/875 876/876/876
f 877/877/877 878/878/878 879/879/879
f 880/880/880 881/881/881 882/882/882
f 883/883/883 884/884/884 885/885/885
f 886/886/886 887/887/887 888/888/888
f 889/889/889 890/890/890 891/891/891
f 892/892/892 893/893/893 894/894/894
f 895/895/895 896/896/896 264/264/264
f 897/897/897 898/898/898 899/899/899
f 900/900/900 901/901/901 902/902/902
f 903/903/903 241/241/241 904/904/904
f 306/306/306 905/905/905 906/906/906
f 907/907/907 239/239/239 908/908/908
f 909/909/909 910/910/910 911/911/911
f 912/912/912 913/913/913 914/914/914
f 915/915/915 916/916/916 917/917/917
f 918/918/918 919/919/919 920/920/920
f 921/921/921 922/922/922 923/923/923
f 924/924/924 925/925/925 926/926/926
f 927/927/927 928/928/928 929/929/929
f 25/25/25 930/930/930 259/259/259
f 931/931/931 932/932/932 933/933/933
f 228/228/228 934/934/934 935/935/935
f 936/936/936 937/937/937 938/938/938
f 939/939/939 940/940/940 941/941/941
f 942/942/942 943/943/943 174/174/174
f 944/944/944 945/945/945 946/946/946
f 947/947/947 948/948/948 949/949/949
f 950/950/950 279/279/279 951/951/951
f 952/952/952 953/953/953 954/954/954
f 955/955/955 954/954/954 956/956/956
f 154/154/154 957/957/957 958/958/958
f 959/959/959 960/960/960 961/961/961
f 26/26/26 962/962/962 963/963/963
f 964/964/964 965/965/965 966/966/966
f 967/967/967 968/968/968 969/969/969
f 970/970/970 971/971/971 972/972/972
f 973/973/973 974/974/974 975/975/975
f 976/976/976 977/977/977 978/978/978
f 979/979/979 980/980/980 981/981/981
f 982/982/982 983/983/983 984/984/984
f 985/985/985 986/986/986 987/987/987
f 988/988/988 989/989/989 990/990/990
f 249/249/249 255/255/255 991/991/991
f 992/992/992 993/993/993 994/994/994
f 216/216/216 995/995/995 996/996/996
f 229/229/229 151/151/151 997/997/997
f 998/998/998 999/999/999 1000/1000/1000
f 1001/1001/1001 1002/1002/1002 1003/1003/1003
f 1004/1004/1004 1005/1005/1005 1006/1006/1006
f 1007/1007/1007 1008/1008/1008 1009/1009/1009
f 1010/1010/1010 1011/1011/1011 1012/1012/1012
f 1013/1013/1013 1014/1014/1014 285/285/285
f 1015/1015/1015 1016/1016/1016 1017/1017/1017
f 1018/1018/1018 1019/1019/1019 1020/1020/1020
f 1021/1021/1021 1022/1022/1022 1023/1023/1023
f 273/273/273 1024/1024/1024 1025/1025/1025
f 1026/1026/1026 1027/1027/1027 1028/1028/1028
f 1029/1029/1029 1030/1030/1030 1031/1031/1031
f 1032/1032/1032 1033/1033/1033 1034/1034/1034
f 1035/1035/1035 1036/1036/1036 1037/1037/1037
f 1038/1038/1038 1039/1039/1039 1040/1040/1040
f 1041/1041/1041 753/753/753 1042/1042/1042
f 1043/1043/1043 1044/1044/1044 1045/1045/1045
f 1046/1046/1046 1047/1047/1047 1048/1048/1048
f 1049/1049/1049 1050/1050/1050 1051/1051/1051
f 1052/1052/1052 1053/1053/1053 1054/1054/1054
f 1055/1055/1055 1056/1056/1056 1057/1057/1057
f 1058/1058/1058 1059/1059/1059 1060/1060/1060
f 1061/1061/1061 1062/1062/1062 1063/1063/1063
f 1064/1064/1064 1065/1065/1065 272/272/272
f 1066/1066/1066 1067/1067/1067 1068/1068/1068
f 1069/1069/1069 1020/1020/1020 1070/1070/1070
f 1071/1071/1071 1072/1072/1072 1073/1073/1073
f 1074/1074/1074 1075/1075/1075 1076/1076/1076
f 1077/1077/1077 1078/1078/1078 1079/1079/1079
f 1080/1080/1080 1081/1081/1081 1082/1082/1082
f 1083/1083/1083 1084/1084/1084 1085/1085/1085
f 1086/1086/1086 1087/1087/1087 1088/1088/1088
f 1089/1089/1089 1090/1090/1090 1091/1091/1091
f 1092/1092/1092 1093/1093/1093 1094/1094/1094
f 1095/1095/1095 1096/1096/1096 1097/1097/1097
f 1098/1098/1098 1099/1099/1099 1100/1100/1100
f 1101/1101/1101 1102/1102/1102 1103/1103/1103
f 1104/1104/1104 1105/1105/1105 1106/1106/1106
f 1107/1107/1107 1108/1108/1108 280/280/280
f 1109/1109/1109 1110/1110/1110 1111/1111/1111
f 1112/1112/1112 1113/1113/1113 1114/1114/1114
f 1115/1115/1115 1116/1116/1116 1117/1117/1117
f 1118/1118/1118 1119/1119/1119 1120/1120/1120
f 1121/1121/1121 1122/1122/1122 1123/1123/1123
f 1124/1124/1124 1125/1125/1125 1126/1126/1126
f 1127/1127/1127 1128/1128/1128 260/260/260
f 1129/1129/1129 1130/1130/1130 1131/1131/1131
f 1132/1132/1132 1133/1133/1133 1134/1134/1134
f 1135/1135/1135 1136/1136/1136 1137/1137/1137
f 1138/1138/1138 1139/1139/1139 1140/1140/1140
f 1141/1141/1141 1142/1142/1142 1143/1143/1143
f 1144/1144/1144 1145/1145/1145 1146/1146/1146
f 1147/1147/1147 276/276/276 1148/1148/1148
f 1149/1149/1149 1150/1150/1150 1151/1151/1151
f 1152/1152/1152 1153/1153/1153 1154/1154/1154
f 1155/1155/1155 1156/1156/1156 1157/1157/1157
f 1158/1158/1158 1159/1159/1159 170/170/170
f 1160/1160/1160 1161/1161/1161 1162/1162/1162
f 1163/1163/1163 1164/1164/1164 1165/1165/1165
f 1166/1166/1166 1167/1167/1167 1168/1168/1168
f 1169/1169/1169 1170/1170/1170 1171/1171/1171
f 1172/1172/1172 1173/1173/1173 1174/1174/1174
f 1175/1175/1175 1176/1176/1176 1177/1177/1177
f 1178/1178/1178 1179/1179/1179 1180/1180/1180
f 1177/1177/1177 1176/1176/1176 1181/1181/1181
f 1182/1182/1182 1183/1183/1183 1184/1184/1184
f 1185/1185/1185 1186/1186/1186 1187/1187/1187
f 1188/1188/1188 1189/1189/1189 1190/1190/1190
f 1191/1191/1191 1192/1192/1192 1193/1193/1193
f 1194/1194/1194 1195/1195/1195 1196/1196/1196
f 1197/1197/1197 1198/1198/1198 1199/1199/1199
f 1200/1200/1200 1201/1201/1201 1202/1202/1202
f 1203/1203/1203 1204/1204/1204 1205/1205/1205
f 1206/1206/1206 1207/1207/1207 1208/1208/1208
f 1209/1209/1209 1210/1210/1210 165/165/165
f 1211/1211/1211 252/252/252 1210/1210/1210
f 1212/1212/1212 1213/1213/1213 1214/1214/1214
f 1215/1215/1215 1216/1216/1216 1217/1217/1217
f 1218/1218/1218 1219/1219/1219 1220/1220/1220
f 1221/1221/1221 1222/1222/1222 1223/1223/1223
f 1224/1224/1224 1225/1225/1225 1223/1223/1223
f 1226/1226/1226 1227/1227/1227 1228/1228/1228
f 1229/1229/1229 1230/1230/1230 1231/1231/1231
f 1232/1232/1232 1233/1233/1233 1234/1234/1234
f 1229/1229/1229 1235/1235/1235 1236/1236/1236
f 1237/1237/1237 1238/1238/1238 1239/1239/1239
f 1240/1240/1240 1241/1241/1241 286/286/286
f 1242/1242/1242 1243/1243/1243 1244/1244/1244
f 1245/1245/1245 1246/1246/1246 1247/1247/1247
f 1248/1248/1248 240/240/240 1246/1246/1246
f 1249/1249/1249 1250/1250/1250 1251/1251/1251
f 1252/1252/1252 1253/1253/1253 1254/1254/1254
f 1255/1255/1255 1256/1256/1256 1257/1257/1257
f 1258/1258/1258 1259/1259/1259 1260/1260/1260
f 1261/1261/1261 1262/1262/1262 1263/1263/1263
f 1264/1264/1264 1265/1265/1265 1266/1266/1266
f 1267/1267/1267 1268/1268/1268 1269/1269/1269
f 1270/1270/1270 1271/1271/1271 1272/1272/1272
f 1273/1273/1273 1274/1274/1274 1275/1275/1275
f 1276/1276/1276 1277/1277/1277 1278/1278/1278
f 1279/1279/1279 1280/1280/1280 1281/1281/1281
f 1282/1282/1282 1283/1283/1283 1284/1284/1284
f 1285/1285/1285 1286/1286/1286 1287/1287/1287
f 1288/1288/1288 1289/1289/1289 1290/1290/1290
f 1291/1291/1291 1292/1292/1292 1293/1293/1293
f 1294/1294/1294 1295/1295/1295 1296/1296/1296
f 1297/1297/1297 1298/1298/1298 1299/1299/1299
f 1300/1300/1300 1301/1301/1301 1302/1302/1302
f 1303/1303/1303 1304/1304/1304 1305/1305/1305
f 1306/1306/1306 1307/1307/1307 1308/1308/1308
f 1309/1309/1309 1310/1310/1310 1311/1311/1311
f 1312/1312/1312 1313/1313/1313 1314/1314/1314
f 1315/1315/1315 1316/1316/1316 1317/1317/1317
f 1318/1318/1318 1319/1319/1319 1313/1313/1313
f 1320/1320/1320 1321/1321/1321 1322/1322/1322
f 1323/1323/1323 1324/1324/1324 1325/1325/1325
f 1326/1326/1326 1327/1327/1327 1328/1328/1328
f 1329/1329/1329 1330/1330/1330 1331/1331/1331
f 1332/1332/1332 1333/1333/1333 1334/1334/1334
f 296/296/296 1335/1335/1335 1336/1336/1336
f 1337/1337/1337 1338/1338/1338 1339/1339/1339
f 1340/1340/1340 1341/1341/1341 1342/1342/1342
f 1343/1343/1343 1342/1342/1342 1344/1344/1344
f 265/265/265 1345/1345/1345 1346/1346/1346
f 1347/1347/1347 1348/1348/1348 1349/1349/1349
f 1350/1350/1350 1349/1349/1349 1351/1351/1351
f 1352/1352/1352 1353/1353/1353 1354/1354/1354
f 1355/1355/1355 1356/1356/1356 1357/1357/1357
f 1358/1358/1358 1359/1359/1359 1360/1360/1360
f 1361/1361/1361 1362/1362/1362 1363/1363/1363
f 1364/1364/1364 1365/1365/1365 1366/1366/1366
f 1367/1367/1367 1364/1364/1364 1368/1368/1368
f 1369/1369/1369 1370/1370/1370 1371/1371/1371
f 1372/1372/1372 1373/1373/1373 1374/1374/1374
f 1375/1375/1375 1376/1376/1376 1377/1377/1377
f 1378/1378/1378 1379/1379/1379 1380/1380/1380
f 24/24/24 1381/1381/1381 1382/1382/1382
f 1383/1383/1383 1384/1384/1384 1385/1385/1385
f 1386/1386/1386 1387/1387/1387 1384/1384/1384
f 1388/1388/1388 1389/1389/1389 1390/1390/1390
f 1391/1391/1391 281/281/281 1392/1392/1392
f 1393/1393/1393 1394/1394/1394 1395/1395/1395
f 1396/1396/1396 1397/1397/1397 1398/1398/1398
f 1399/1399/1399 1400/1400/1400 1401/1401/1401
f 1402/1402/1402 1403/1403/1403 1404/1404/1404
f 1405/1405/1405 1406/1406/1406 185/185/185
f 1407/1407/1407 1408/1408/1408 1409/1409/1409
f 1410/1410/1410 1411/1411/1411 1412/1412/1412
f 1413/1413/1413 1414/1414/1414 1415/1415/1415
f 1416/1416/1416 1417/1417/1417 1418/1418/1418
f 1419/1419/1419 1420/1420/1420 1421/1421/1421
f 1422/1422/1422 1423/1423/1423 1421/1421/1421
f 1424/1424/1424 1425/1425/1425 1426/1426/1426
f 1427/1427/1427 1428/1428/1428 1429/1429/1429
f 1430/1430/1430 1431/1431/1431 1432/1432/1432
f 1433/1433/1433 1434/1434/1434 1435/1435/1435
f 1436/1436/1436 1437/1437/1437 1438/1438/1438
f 1439/1439/1439 1440/1440/1440 1441/1441/1441
f 1442/1442/1442 1443/1443/1443 1444/1444/1444
f 1425/1425/1425 1424/1424/1424 1445/1445/1445
f 1446/1446/1446 1447/1447/1447 1448/1448/1448
f 1449/1449/1449 1450/1450/1450 1451/1451/1451
f 1452/1452/1452 1453/1453/1453 1454/1454/1454
f 1455/1455/1455 1456/1456/1456 1457/1457/1457
f 1458/1458/1458 1457/1457/1457 1459/1459/1459
f 1460/1460/1460 1461/1461/1461 1462/1462/1462
f 1463/1463/1463 1464/1464/1464 1465/1465/1465
f 1466/1466/1466 1467/1467/1467 1468/1468/1468
f 1469/1469/1469 1470/1470/1470 1471/1471/1471
f 1472/1472/1472 1473/1473/1473 1474/1474/1474
f 1475/1475/1475 1476/1476/1476 1477/1477/1477
f 1478/1478/1478 1479/1479/1479 1480/1480/1480
f 1481/1481/1481 1482/1482/1482 1483/1483/1483
f 1484/1484/1484 1485/1485/1485 1486/1486/1486
f 1487/1487/1487 1488/1488/1488 1489/1489/1489
f 1490/1490/1490 1491/1491/1491 1492/1492/1492
f 1493/1493/1493 1494/1494/1494 1474/1474/1474
f 1481/1481/1481 1495/1495/1495 1496/1496/1496
f 1497/1497/1497 1498/1498/1498 1499/1499/1499
f 1500/1500/1500 1501/1501/1501 1502/1502/1502
f 1502/1502/1502 1503/1503/1503 1504/1504/1504
f 1505/1505/1505 1506/1506/1506 1507/1507/1507
f 1508/1508/1508 1509/1509/1509 1510/1510/1510
f 1511/1511/1511 1512/1512/1512 1513/1513/1513
f 1514/1514/1514 1515/1515/1515 1516/1516/1516
f 1517/1517/1517 1518/1518/1518 1519/1519/1519
f 1520/1520/1520 1507/1507/1507 1521/1521/1521
f 245/245/245 1522/1522/1522 1523/1523/1523
f 1524/1524/1524 1525/1525/1525 1526/1526/1526
f 1527/1527/1527 1528/1528/1528 1529/1529/1529
f 1530/1530/1530 1531/1531/1531 1532/1532/1532
f 1533/1533/1533 1534/1534/1534 1535/1535/1535
f 1536/1536/1536 1537/1537/1537 1538/1538/1538
f 1539/1539/1539 1540/1540/1540 1541/1541/1541
f 1542/1542/1542 1543/1543/1543 1544/1544/1544
f 1545/1545/1545 1546/1546/1546 1547/1547/1547
f 1548/1548/1548 1549/1549/1549 1550/1550/1550
f 1551/1551/1551 1552/1552/1552 1553/1553/1553
f 1554/1554/1554 1555/1555/1555 1556/1556/1556
f 1557/1557/1557 1558/1558/1558 1559/1559/1559
f 1560/1560/1560 1561/1561/1561 1562/1562/1562
f 1563/1563/1563 1564/1564/1564 1565/1565/1565
f 1566/1566/1566 1567/1567/1567 1568/1568/1568
f 1569/1569/1569 1570/1570/1570 1571/1571/1571
f 1572/1572/1572 1573/1573/1573 1574/1574/1574
f 1575/1575/1575 1576/1576/1576 1577/1577/1577
f 1578/1578/1578 1579/1579/1579 1580/1580/1580
f 1581/1581/1581 284/284/284 1582/1582/1582
f 1583/1583/1583 1584/1584/1584 1585/1585/1585
f 1586/1586/1586 1587/1587/1587 1588/1588/1588
f 1587/1587/1587 1589/1589/1589 1590/1590/1590
f 1591/1591/1591 1592/1592/1592 1593/1593/1593
f 1594/1594/1594 1595/1595/1595 1596/1596/1596
f 1597/1597/1597 1598/1598/1598 1599/1599/1599
f 1600/1600/1600 1601/1601/1601 1396/1396/1396
f 1602/1602/1602 1603/1603/1603 1604/1604/1604
f 1605/1605/1605 1606/1606/1606 1607/1607/1607
f 1608/1608/1608 1609/1609/1609 1610/1610/1610
f 1611/1611/1611 1612/1612/1612 1613/1613/1613
f 1614/1614/1614 1615/1615/1615 1616/1616/1616
f 1617/1617/1617 1618/1618/1618 1619/1619/1619
f 1620/1620/1620 1621/1621/1621 1622/1622/1622
f 1623/1623/1623 1624/1624/1624 1625/1625/1625
f 1626/1626/1626 1627/1627/1627 1628/1628/1628
f 1629/1629/1629 1630/1630/1630 1631/1631/1631
f 1632/1632/1632 1633/1633/1633 1634/1634/1634
f 1635/1635/1635 1636/1636/1636 1637/1637/1637
f 1638/1638/1638 1637/1637/1637 1639/1639/1639
f 1640/1640/1640 1641/1641/1641 1642/1642/1642
f 1643/1643/1643 1644/1644/1644 1645/1645/1645
f 1646/1646/1646 1647/1647/1647 1648/1648/1648
f 1649/1649/1649 1650/1650/1650 1651/1651/1651
f 1652/1652/1652 1653/1653/1653 1654/1654/1654
f 1655/1655/1655 1656/1656/1656 1657/1657/1657
f 1658/1658/1658 1659/1659/1659 1660/1660/1660
f 1661/1661/1661 1662/1662/1662 1663/1663/1663
f 1664/1664/1664 1665/1665/1665 1666/1666/1666
f 1667/1667/1667 1668/1668/1668 1669/1669/1669
f 1670/1670/1670 1671/1671/1671 1672/1672/1672
f 1673/1673/1673 1674/1674/1674 1675/1675/1675
f 1676/1676/1676 1677/1677/1677 1678/1678/1678
# 570 faces, 0 coords texture

# End of File
